,NUM_BO,RUBRICA,ANO,MES,CIDADE,LOGRADOURO,NUMERO_LOGRADOURO,LATITUDE,LONGITUDE
360259,943,"Furto qualificado (art. 155, §4o.)",2016,1,S.PAULO                                 ,RUA JOAO MOURA                          ,500,-23.56090125,-46.67731722
213185,992386,Roubo (art. 157),2016,7,S.ANDRE                                 ,RUA MAURITI                             ,60,-23.674311499999998,-46.50456702
134035,1044074,Furto (art. 155),2016,8,S.PAULO                                 ,AVENIDA PRESIDENTE WILSON               ,4800,-23.59424898,-46.58992577
391413,1996,"Drogas sem autorização ou em desacordo (Art.33, caput)",2016,3,S.PAULO                                 ,RUA DARIO VELOSO                        ,130,-23.47774634,-46.74652606
251495,815370,Roubo (art. 157),2016,6,S.PAULO                                 ,RUA MARIO COVAS                         ,0,-23.50511958,-46.36729353
51452,3891,Roubo (art. 157),2016,11,S.PAULO                                 ,RUA REGO FREITAS                        ,100,-23.54264029,-46.64656421
240574,4996,Roubo (art. 157),2016,8,S.ANDRE                                 ,RUA MIQUELINA                           ,510,-23.62116548,-46.52761645
524689,3058,Roubo (art. 157),2016,10,S.BERNARDO DO CAMPO                     ,RUA BATATAIS                            ,95,-23.69115404,-46.54091929
115405,3415,Furto (art. 155),2016,7,OSASCO                                  ,RUA DONÁ PRIMITIVA VIANCO               ,405,-23.53430499,-46.77553956
216111,535259,Furto (art. 155),2016,4,S.ANDRE                                 ,RUA ALMIRANTE TAMANDARÉ                 ,0,-23.65998257,-46.53182264
674949,4527,Furto (art. 155),2016,10,S.PAULO                                 ,RUA TAUBATE                             ,1230,-23.55652209,-46.53372777
644832,1272457,Furto (art. 155),2016,10,S.PAULO                                 ,RUA JURUBIM                             ,300,-23.48521492,-46.74834138
163378,1127,Roubo (art. 157),2016,8,FERRAZ DE VASCONCELOS                   ,RUA DAS ROSAS                           ,107,-23.52842006,-46.36760888
20115,916575,Furto (art. 155),2016,7,S.PAULO                                 ,RUA ARTUR DE AZEVEDO                    ,986,-23.56222908,-46.68100779
104096,2410,Roubo (art. 157),2016,8,MAIRIPORA                               ,RUA PADRE WAIRO                         ,0,-23.31925941,-46.58703472
422381,4187,Furto (art. 155),2016,10,MOGI DAS CRUZES                         ,RUA KOHEIJI ADACHI                      ,0,-23.57539323,-46.21978681
631573,979,Lesão corporal (art 129 § 9º),2016,5,S.PAULO                                 ,AVENIDA GALERA                          ,177,-23.49753856,-46.515235100000005
533019,258308,Furto (art. 155),2016,2,S.PAULO                                 ,RUA MARIA MARCOLINA                     ,0,-23.53784199,-46.61623618
115400,843446,Roubo (art. 157),2016,7,S.PAULO                                 ,RUA PEDRO RAMAZZANI                     ,32,-23.61465128,-46.41880473
39458,643,Roubo (art. 157),2016,1,S.PAULO                                 ,AVENIDA DOUTOR FRANCISCO RANIERI        ,218,-23.48235378,-46.64285606
498088,8622,"Furto qualificado (art. 155, §4o.)",2016,9,S.PAULO                                 ,AVENIDA PRESIDENTE CASTELO BRANCO       ,7849,-23.52371205,-46.60638829
584025,2989,Roubo (art. 157),2016,3,S.PAULO                                 ,RUA JOSE BOCCHIGLIERI                   ,300,-23.7400983,-46.70769521
225515,1344,Furto (art. 155),2016,9,OSASCO                                  ,AVENIDA JOSÉ LOPES LÁZARO               ,0,-23.53311247,-46.76562211
257435,1030622,Furto (art. 155),2016,8,OSASCO                                  ,RUA JOSÉ MARTINIANO DE ALENÇAR          ,6,-23.5475686,-46.78947918
605349,1060,Lesão corporal (art. 129),2016,2,S.PAULO                                 ,AVENIDA ANGELO CRISTIANINI              ,100,-23.68200696,-46.63825947
657066,1099410,Furto (art. 155),2016,8,S.PAULO                                 ,AVENIDA OLAVO FONTOURA                  ,1209,-23.515256,-46.64208557
515156,88838,Furto (art. 155),2016,1,S.PAULO                                 ,AVENIDA PROFESSOR ALIPIO DE BARROS      ,374,-23.48391027,-46.41521687
11847,6679,"Furto qualificado (art. 155, §4o.)",2016,12,S.PAULO                                 ,TRAVESSA NOSCHESE                       ,8,-23.55112472,-46.63821687
123839,1365,Furto (art. 155),2016,2,S.PAULO                                 ,RUA JOSE MARIA PINTO ZILLI              ,696,-23.61850937,-46.74874952
487965,381534,Furto (art. 155),2016,3,S.PAULO                                 ,RUA BOTUCATU                            ,821,-23.59877634,-46.64277644
472411,5769,Roubo (art. 157),2016,11,TABOAO DA SERRA                         ,RUA CERRO LARGO                         ,44,-23.63258232,-46.80000386
277043,3471,Roubo (art. 157),2016,6,S.PAULO                                 ,RUA PADRE PEDRO ROTA                    ,548,-23.59119812,-46.55058481
658919,524,Lesão corporal (art. 129),2016,5,S.PAULO                                 ,RUA RUI BARBOSA                         ,541,-23.56021391,-46.64515221
240887,3757,"Furto qualificado (art. 155, §4o.)",2016,8,S.PAULO                                 ,RUA GENERAL FLORES                      ,135,-23.52522178,-46.64235285
414885,737791,Roubo (art. 157),2016,6,DIADEMA                                 ,AVENIDA ALDA                            ,700,-23.699965600000002,-46.62843489
539286,5172,Roubo (art. 157),2016,9,S.PAULO                                 ,RUA BARAO DE ITAPETININGA               ,730,-23.54364112,-46.64194565
363514,1127820,Furto (art. 155),2016,9,S.PAULO                                 ,RUA MARIA VIEIRA                        ,45,-23.50292733,-46.44363093
429649,3207,Roubo (art. 157),2016,11,S.PAULO                                 ,RUA DAVI BANDERALI                      ,269,-23.54923983,-46.4780116
299680,1995,Lesão corporal culposa na direção de veículo automotor (Art. 303),2016,2,S.PAULO                                 ,AVENIDA EDU CHAVES                      ,1,-23.47567058,-46.56979355
189747,1196482,Roubo (art. 157),2016,9,S.PAULO                                 ,RUA JOAQUIM PRUDENCIO                   ,59,-23.45733972,-46.6726323
543249,1590,"Furto qualificado (art. 155, §4o.)",2016,10,OSASCO                                  ,RODOVIA SP 280                          ,15,-23.52433545,-46.75909722
519944,2167,Lesão corporal (art 129 § 9º),2016,9,S.PAULO                                 ,RUA EDUARDO RAMOS                       ,45,-23.73467025,-46.69443576
580052,81,Roubo (art. 157),2016,1,S.PAULO                                 ,AVENIDA JOAO DIAS                       ,19000,-23.64525519,-46.730247600000006
93483,6957,"Furto qualificado (art. 155, §4o.)",2016,11,DIADEMA                                 ,AVENIDA ANTÔNIO PIRANGA                 ,261,-23.68636875,-46.62399114
704949,295,Furto (art. 155),2016,4,S.PAULO                                 ,RUA GABUS MENDES                        ,24,-23.5447199,-46.64259084
404666,2113,Roubo (art. 157),2016,6,S.PAULO                                 ,RUA DO ACRE                             ,500,-23.55853938,-46.58103471
464286,4241,"Furto qualificado (art. 155, §4o.)",2016,8,S.PAULO                                 ,RUA LINDOLFO COLOR                      ,147,-23.56591818,-46.52266765
168845,86126,Furto (art. 155),2016,1,S.PAULO                                 ,AVENIDA ITABERABA                       ,450,-23.48835287,-46.69346722
630206,2515,Roubo (art. 157),2016,7,S.PAULO                                 ,RUA FREI JOAO DO ROSARIO                ,800,-23.67092432,-46.66099255
373821,1991,Roubo (art. 157),2016,4,S.ANDRE                                 ,RUA SANTO ANDRÉ                         ,430,-23.66501903,-46.52600276
521430,9704,Roubo (art. 157),2016,9,S.PAULO                                 ,RUA AUGUSTO RODRIGUES                   ,682,-23.43470914,-46.57832495
257891,1812,Furto (art. 155),2016,9,S.PAULO                                 ,RUA ALMIRANTE ALEXANDRINO               ,602,-23.57075512,-46.56859926
412861,114188,Furto (art. 155),2016,1,S.PAULO                                 ,AVENIDA REBOUCAS                        ,0,-23.56424493,-46.67779007
586498,5178,Roubo (art. 157),2016,5,S.PAULO                                 ,AVENIDA OTAVIANO ALVES DE LIMA          ,3000,-23.50872134,-46.68649276
282107,2360,Roubo (art. 157),2016,7,OSASCO                                  ,RUA JOSÉ YOSHIE YAMAMOTO                ,0,-23.5679077,-46.79336187
208552,3785,Roubo (art. 157),2016,11,EMBU DAS ARTES                          ,RUA AVARÉ                               ,940,-23.68155705,-46.80225086
53589,1273,Lesão corporal culposa na direção de veículo automotor (Art. 303),2016,5,S.PAULO                                 ,RUA CANAPOLIS                           ,300,-23.4927941,-46.57940436
163083,1148527,Roubo (art. 157),2016,9,S.CAETANO DO SUL                        ,Rua: Manoel Pedro Vilaboim              ,164,-23.63294928,-46.55725727
396247,3483,Roubo (art. 157),2016,4,S.PAULO                                 ,RUA BERTOLINIA                          ,0,-23.54813449,-46.40441055
378760,5459,Furto (art. 155),2016,5,S.PAULO                                 ,AVENIDA SANTA MARINA                    ,0,-23.52397042,-46.68486801
336234,827,Roubo (art. 157),2016,5,DIADEMA                                 ,RUA SERRA DA BORBOREMA                  ,40,-23.67222481,-46.62484908
138553,1345,Furto (art. 155),2016,3,S.PAULO                                 ,RUA TRAIPU                              ,1000,-23.53932104,-46.66710106
388296,666442,Furto (art. 155),2016,5,S.PAULO                                 ,RUA ANTONIO GIL                         ,811,-23.66290927,-46.67039461
347557,1428,Roubo (art. 157),2016,4,S.PAULO                                 ,RUA DA CONSOLACAO                       ,1272,-23.55031868,-46.65444208
309406,1145322,Roubo (art. 157),2016,9,MAUA                                    ,AVENIDA MARECHAL AGOSTINHO DOS SANTOS   ,464,-23.66121122,-46.43706523
698660,6652,Furto (art. 155),2016,8,S.PAULO                                 ,AVENIDA INTERCONTINENTAL                ,212,-23.60373614,-46.75053732
189768,1108130,Furto (art. 155),2016,8,S.PAULO                                 ,AVENIDA DA LIBERDADE                    ,899,-23.56105136,-46.63837159
747831,4008,Lesão corporal culposa na direção de veículo automotor (Art. 303),2016,4,S.PAULO                                 ,AVENIDA ARICANDUVA                      ,12000,-23.59471622,-46.46610156
170525,1776,Lesão corporal culposa na direção de veículo automotor (Art. 303),2016,5,S.PAULO                                 ,RUA MAJOR LUCIO DIAS RAMOS              ,40,-23.77008243,-46.68145389
2450,1416972,Roubo (art. 157),2016,11,S.PAULO                                 ,RUA MANUEL RIBEIRO ROSA                 ,207,-23.48099362,-46.7214063
684239,459002,Furto (art. 155),2016,4,S.PAULO                                 ,RUA GUAIPA                              ,1110,-23.52132043,-46.73310623
389930,2568,Furto (art. 155),2016,4,S.PAULO                                 ,PRAÇA RAMOS DE AZEVEDO                  ,99,-23.54535502,-46.63917725
663200,2570,"Furto qualificado (art. 155, §4o.)",2016,6,S.PAULO                                 ,RUA DA BICA                             ,55,-23.50016952,-46.69817688
5014,1971,Furto (art. 155),2016,6,S.ANDRE                                 ,AVENIDA ALEXANDRE DE GUSMÃO             ,29,-23.66396683,-46.50952361
371381,493844,Furto (art. 155),2016,4,S.PAULO                                 ,AVENIDA PAULISTA                        ,1313,-23.56342528,-46.653991999999995
656680,1130,Lesão corporal (art. 129),2016,7,MOGI DAS CRUZES                         ,AVENIDA LOTHAR WALDEMAR HOEHNE          ,257,-23.50862783,-46.20039829
125603,2332,Furto (art. 155),2016,4,S.PAULO                                 ,RUA VALENTIM NICOLAI                    ,1,-23.60120635,-46.79747956
735883,6922,A.I.-Estupro de vulneravel (art.217-A),2016,12,S.PAULO                                 ,RUA CORIOLANO                           ,0,-23.52616314,-46.68543334
299624,541367,Furto (art. 155),2016,4,GUARULHOS                               ,RUA BRÁULIO GUEDES                      ,24,-23.46420472,-46.54565496
379347,6179,Roubo (art. 157),2016,6,S.PAULO                                 ,RUA GUIRATINGA                          ,1187,-23.61076404,-46.633575
205184,614807,Furto (art. 155),2016,5,S.PAULO                                 ,ESTAÇÃO TREM LUZ                        ,0,-23.53533,-46.63412
14283,11095,Furto (art. 155),2016,12,S.PAULO                                 ,RUA MONTES AUREOS                       ,259,-23.52722403,-46.52292134
71667,992859,Roubo (art. 157),2016,5,S.PAULO                                 ,LARGO SAO BENTO                         ,0,-23.54389606,-46.63445976
502484,7780,Roubo (art. 157),2016,8,S.PAULO                                 ,RUA FEITICO DA VILA                     ,1050,-23.68552209,-46.80011876
601982,539043,Furto (art. 155),2016,4,S.PAULO                                 ,ESTAÇÃO METRO LUZ                       ,0,-23.53592604,-46.63431206
356551,173802,Furto (art. 155),2016,2,S.PAULO                                 ,RUA RAFAEL CORREIA DA SILVA             ,13,-23.49440679,-46.4042114
298249,1973,"Furto qualificado (art. 155, §4o.)",2016,5,S.PAULO                                 ,RUA ALBINA BARBOSA                      ,33,-23.5685163,-46.62572121
335167,112,Roubo (art. 157),2016,7,S.PAULO                                 ,RUA RUI PINTO                           ,200,-23.59724553,-46.72791744
344360,5718,Lesão corporal (art. 129),2016,8,S.PAULO                                 ,PARQUE DOM PEDRO II                     ,200,-23.54632032,-46.63117332
495041,135903,Furto (art. 155),2016,1,S.PAULO                                 ,R. DA CONSOLAÇÃO                        ,1414,-23.55095175,-46.65565461
26471,1445,Furto (art. 155),2016,3,MAUA                                    ,RUA CAETANO ALETO                       ,1050,-23.67520064,-46.43359948
80519,2207,Furto (art. 155),2016,8,S.PAULO                                 ,RUA LUIS DE FARIA                       ,100,-23.4946137,-46.67425035
54632,1968,"Furto qualificado (art. 155, §4o.)",2016,6,JANDIRA                                 ,ESTRADA DE ITU                          ,151,-23.52229841,-46.91683201
606878,2965,A.I.-Roubo (art. 157),2016,7,S.PAULO                                 ,RUA BARTOLOMEU ESTEVES                  ,128,-23.5416391,-46.49598322
580443,96,Lesão corporal (art 129 § 9º),2016,1,S.PAULO                                 ,RUA GALILEO EMENDABILI                  ,44,-23.52245598,-46.74345832
739783,9383,Lesão corporal culposa na direção de veículo automotor (Art. 303),2016,8,S.PAULO                                 ,AVENIDA VEREADOR JOSE DINIZ             ,2000,-23.61453306,-46.67274197
14639,1628193,Roubo (art. 157),2016,12,S.PAULO                                 ,RUA DO CANTO                            ,33,-23.61959616,-46.43038227
112630,1618869,Roubo (art. 157),2016,12,S.PAULO                                 ,ESTRADA DO MBOI MIRIM                   ,10150,-23.6888573,-46.77298128
494482,193023,Roubo (art. 157),2016,2,S.PAULO                                 ,RUA MORORO                              ,64,-23.55571788,-46.5527941
286819,1307702,Furto (art. 155),2016,10,S.PAULO                                 ,RUA OLIVEIRA PIMENTEL                   ,370,-23.58581803,-46.66671869
231420,2024,Furto (art. 155),2016,1,CARAPICUIBA                             ,AVENIDA INOCÊNCIO SERÁFICO              ,380,-23.56413227,-46.83178312
197958,1058940,Furto (art. 155),2016,8,S.PAULO                                 ,AVENIDA DEPUTADO CANTIDIO SAMPAIO       ,890,-23.46995607,-46.67678711
143106,8188,Roubo (art. 157),2016,11,S.PAULO                                 ,RUA FREIRE DE ANDRADE                   ,67,-23.5532577,-46.57175742
713217,271013,Roubo (art. 157),2016,2,SUZANO                                  ,RUA VALDEMIRO PEREIRA DE LIMA           ,0,-23.49657481,-46.30979125
534401,863213,Furto (art. 155),2016,7,S.PAULO                                 ,RUA ANGELO DE CANDIA                    ,540,-23.595319399999998,-46.48608488
673294,1549875,Roubo (art. 157),2016,12,S.PAULO                                 ,RUA PETHION DE VILAR                    ,79,-23.65953506,-46.78759044
553581,178,Furto (art. 155),2016,5,S.PAULO                                 ,RUA ALZIRO PINHEIRO MAGALHAES           ,375,-23.75609825,-46.68551675
72057,1242,"Drogas sem autorização ou em desacordo (Art.33, caput)",2016,2,S.PAULO                                 ,RUA BASILIO ALVES MORANGO               ,1320,-23.47968371,-46.56730714
442908,1301831,Furto (art. 155),2016,10,S.PAULO                                 ,RUA BENEDITO LEITE DE AVILA             ,0,-23.53961902,-46.42166581
449563,3929,Lesão corporal (art. 129),2016,5,S.PAULO                                 ,RUA DOMINGOS PAIVA                      ,618,-23.54869184,-46.61451049
132360,780869,Furto (art. 155),2016,6,S.PAULO                                 ,RUA PEDRO ANDRADE LEMOS                 ,97,-23.68929628,-46.70117787
772538,418,Roubo (art. 157),2016,2,S.PAULO                                 ,RUA BRIGADEIRO BRITO DELAMARE           ,140,-23.5406361,-46.49492283
76072,538,Furto (art. 155),2016,2,S.PAULO                                 ,AVENIDA DOUTOR FRANCISCO MESQUITA       ,465,-23.58849315,-46.5895532
306406,723,Roubo (art. 157),2016,3,S.PAULO                                 ,RUA GUARAIUVA                           ,50,-23.60311506,-46.68159848
76273,54,"Furto qualificado (art. 155, §4o.)",2016,12,S.PAULO                                 ,RUA SILVA GUIMARAES                     ,638,-23.49386885,-46.59209629
163894,1347,Furto (art. 155),2016,11,S.BERNARDO DO CAMPO                     ,RODOVIA SP 150                          ,26,-23.74849409,-46.53856993
340633,9358,"Furto qualificado (art. 155, §4o.)",2016,10,S.PAULO                                 ,RUA REGINA MESTRE ALONSO                ,167,-23.73300255,-46.69988194
268634,2753,Furto (art. 155),2016,3,S.PAULO                                 ,RUA BAIA FORMOSA                        ,80,-23.49591049,-46.66204187
636396,254541,Furto (art. 155),2016,2,S.PAULO                                 ,AVENIDA NOVE DE JULHO                   ,700,-23.55087168,-46.64487874
619889,445,Lesão corporal culposa na direção de veículo automotor (Art. 303),2016,2,S.PAULO                                 ,AVENIDA DAS JUNTAS PROVISORIAS          ,800,-23.59370319,-46.59774466
327092,1364259,Furto (art. 155),2016,10,S.PAULO                                 ,RUA DOUTOR DIOGO DE FARIA               ,55,-23.59624206,-46.63725793
218197,1256836,Furto (art. 155),2016,10,GUARULHOS                               ,RUA CRISTIANE                           ,17,-23.47706518,-46.3994456
550721,2959,"Furto qualificado (art. 155, §4o.)",2016,7,S.PAULO                                 ,RUA PARAPUA                             ,7,-23.48444621,-46.69137001
768041,50,Lesão corporal (art 129 § 9º),2016,12,S.PAULO                                 ,AVENIDA AUGUSTO ANTUNES                 ,141,-23.50886518,-46.46820685
607784,5967,Furto (art. 155),2016,12,DIADEMA                                 ,RUA SANTA EUNICE                        ,499,-23.67343143,-46.60389361
103838,10761,"Furto qualificado (art. 155, §4o.)",2016,12,S.PAULO                                 ,RUA GUAIAUNA                            ,234,-23.5301729,-46.55095664
762143,3816,Furto (art. 155),2016,6,S.PAULO                                 ,RUA VISCONDE DE TAUNAY                  ,0,-23.526843200000002,-46.64679457
90216,3179,"Furto qualificado (art. 155, §4o.)",2016,6,COTIA                                   ,RUA IRMÃ LEONOR DE SÃO JOSÉ             ,115,-23.60814332,-46.94535307
285111,6876,"Furto qualificado (art. 155, §4o.)",2016,10,S.PAULO                                 ,RUA MAUA                                ,100,-23.53501208,-46.6385864
129125,1453,Roubo (art. 157),2016,5,S.PAULO                                 ,RUA ANGELO LORETTI                      ,41,-23.58989489,-46.76646807
417515,164379,Roubo (art. 157),2016,2,ITAQUAQUECETUBA                         ,RUA ANGATUBA                            ,255,-23.61225184,-46.53014409
363966,369026,Roubo (art. 157),2016,3,S.PAULO                                 ,AVENIDA PAULISTA                        ,1947,-23.55941533,-46.65861313
556621,241,Roubo (art. 157),2016,1,DIADEMA                                 ,RUA IMBAUVA                             ,159,-23.71586241,-46.61272294
534707,359,Furto (art. 155),2016,2,S.PAULO                                 ,RUA SAO MAXIMIANO                       ,241,-23.57365503,-46.56744107
679438,5068,Roubo (art. 157),2016,12,S.PAULO                                 ,RUA JAIR AFONSO INACIO                  ,800,-23.50060296,-46.75356315
141916,5784,"Furto qualificado (art. 155, §4o.)",2016,8,MAUA                                    ,RUA SANTA CECÍLIA                       ,360,-23.6702375,-46.4612532
442717,2981,Lesão corporal culposa na direção de veículo automotor (Art. 303),2016,8,ARUJA                                   ,AVENIDA JOÃO MANOEL                     ,0,-23.39522823,-46.32302097
662462,1247950,Furto (art. 155),2016,9,S.PAULO                                 ,AVENIDA AURO SOARES DE MOURA ANDRADE    ,911,-23.52717095,-46.66384634
527683,307,Lesão corporal (art. 129),2016,3,S.BERNARDO DO CAMPO                     ,RUA GENEBRA                             ,0,-23.65513029,-46.59702972
425488,8413,Furto (art. 155),2016,9,S.PAULO                                 ,AVENIDA NOVE DE JULHO                   ,1100,-23.58031886,-46.68330949
52608,4600,Furto (art. 155),2016,9,TABOAO DA SERRA                         ,RUA ANTÔNIO MACIEL DE OLIVEIRA          ,583,-23.61071269,-46.77944576
81077,4449,"Furto qualificado (art. 155, §4o.)",2016,6,S.PAULO                                 ,AVENIDA DEPUTADO CANTIDIO SAMPAIO       ,1701,-23.46473075,-46.67976442
265465,2700,Furto (art. 155),2016,6,S.PAULO                                 ,RUA CAJAIBA                             ,1191,-23.53512532,-46.69128283
286089,340,Lesão corporal culposa na direção de veículo automotor (Art. 303),2016,3,S.BERNARDO DO CAMPO                     ,RODOVIA SP 150                          ,31,-23.78841441,-46.52076695
665607,1256779,Furto (art. 155),2016,10,S.ANDRE                                 ,AVENIDA PEREIRA BARRETO                 ,600,-23.6698482,-46.53474263
133788,1578080,Furto (art. 155),2016,12,S.PAULO                                 ,RUA AUGUSTA                             ,1513,-23.55715781,-46.65921165
104912,332866,Roubo (art. 157),2016,3,S.PAULO                                 ,RUA MIGUEL RIBAS                        ,186,-23.44706733,-46.74964441
637365,528420,Furto (art. 155),2016,4,S.ANDRE                                 ,AVENIDA PORTUGAL                        ,79,-23.66921226,-46.53876871
519956,2130,Lesão corporal (art 129 § 9º),2016,8,S.PAULO                                 ,RUA ROSARIO SCAMARDI                    ,580,-23.67951386,-46.77881675
368037,634483,Furto (art. 155),2016,5,S.PAULO                                 ,ESTAÇÃO TREM CORINTHIANS - ITAQUERA     ,8295003,-23.54212075,-46.47232936
318611,911585,Roubo (art. 157),2016,7,S.PAULO                                 ,RUA WERNER SIEMENS                      ,110,-23.5102455,-46.70974437
17145,1269,"Furto qualificado (art. 155, §4o.)",2016,2,BARUERI                                 ,RUA CAMPOS SÁLES                        ,0,-23.50877635,-46.89351781
81414,4063,"Furto qualificado (art. 155, §4o.)",2016,7,OSASCO                                  ,RUA CLÁUDIO APARECIDO OLIVEIRA          ,125,-23.54594557,-46.80145605
656856,1100,"Furto qualificado (art. 155, §4o.)",2016,3,S.PAULO                                 ,RUA JOSE DE ALMEIDA                     ,1000,-23.48659233,-46.59158312
667844,1716,Furto (art. 155),2016,3,MAIRIPORA                               ,RUA ARTUR P DA SILVA                    ,183,-23.32291172,-46.59042164
300976,5240,Roubo (art. 157),2016,9,S.PAULO                                 ,RUA ESTANISLAU DE TOLEDO PIZA           ,33,-23.56278356,-46.40324428
255670,1066,Roubo (art. 157),2016,11,SUZANO                                  ,RUA MARIA JOSÉ SAMPAIO                  ,55,-23.65927138,-46.33114557
358980,2960,Furto (art. 155),2016,9,S.PAULO                                 ,AVENIDA DO POETA                        ,100,-23.49090958,-46.56886124
463402,1028,Lesão corporal (art 129 § 9º),2016,1,S.PAULO                                 ,RUA LUIS GIUDICI                        ,202,-23.59960931,-46.47901542
617715,1550,Lesão corporal (art. 129),2016,3,S.PAULO                                 ,RUA PEDRO VICENTE                       ,47,-23.52525041,-46.62858151
525355,882437,Roubo (art. 157),2016,7,GUARULHOS                               ,RUA MARCELO FRANCISCO                   ,55,-23.44741989,-46.50783871
580998,9361,Lesão corporal (art 129 § 9º),2016,9,S.PAULO                                 ,RUA YOSHIMARA MINAMOTO                  ,368,-23.65240665,-46.74469275
369232,3115,Roubo (art. 157),2016,9,S.PAULO                                 ,RUA SAO JOAO BATISTA DOS PASSOS         ,151,-23.48182971,-46.42592297
200612,1484312,Roubo (art. 157),2016,11,S.PAULO                                 ,AVENIDA INTERLAGOS                      ,0,-23.67598599,-46.67919327
419569,1082,"Furto qualificado (art. 155, §4o.)",2016,2,DIADEMA                                 ,AVENIDA ASSEMBLÉIA                      ,450,-23.67966906,-46.63134061
245518,683,Lesão corporal culposa na direção de veículo automotor (Art. 303),2016,2,OSASCO                                  ,RUA GRACIELA FLORES DE PITERI           ,0,-23.51022319,-46.78557516
438216,3908,"Furto qualificado (art. 155, §4o.)",2016,11,S.PAULO                                 ,AVENIDA NAGIB FARAH MALUF               ,248,-23.55167655,-46.4366715
765801,5044,Roubo (art. 157),2016,5,S.PAULO                                 ,AVENIDA COMENDADOR SANTANNA             ,2000,-23.68254462,-46.76940667
251987,1128002,Roubo (art. 157),2016,9,S.PAULO                                 ,RUA ALTO BELO                           ,1100,-23.575183,-46.51037242
214335,6245,Furto (art. 155),2016,6,S.PAULO                                 ,RUA VINTE E CINCO DE MARCO              ,300,-23.54704848,-46.63132791
441024,4695,Roubo (art. 157),2016,12,S.PAULO                                 ,ESTRADA DO PORTO                        ,30,-23.787442600000002,-46.68141686
484412,603,Roubo (art. 157),2016,1,S.PAULO                                 ,RUA SILVA PINTO                         ,200,-23.52911748,-46.64026715
67637,231,Lesão corporal (art. 129),2016,2,GUARAREMA                               ,RUA JURANDIR                            ,74,-23.41670744,-46.03553053
572554,3051,Estupro de vulneravel (art.217-A),2016,3,S.PAULO                                 ,RUA VIEIRA PORTUENSE                    ,624,-23.64417534,-46.64708252
200650,1400901,Furto (art. 155),2016,11,S.PAULO                                 ,RUA DOUTOR RENATO PAES DE BARROS        ,534,-23.58324173,-46.67382852
431989,1340308,Furto (art. 155),2016,10,S.BERNARDO DO CAMPO                     ,PASSAGEM DOIS                           ,52,-23.73322408,-46.53246407
457593,4761,Estupro de vulneravel (art.217-A),2016,12,ITAPECERICA DA SERRA                    ,RUA BUENOS AÍRES                        ,56,-23.708045499999997,-46.86069829
10219,691233,Furto (art. 155),2016,5,S.PAULO                                 ,RUA QUINZE DE NOVEMBRO                  ,65,-23.54900078,-46.63381827
216687,3548,Roubo (art. 157),2016,10,S.PAULO                                 ,RUA MARIA JOVITA DA CONCEICAO           ,30,-23.48922411,-46.47885583
320252,1139138,Roubo (art. 157),2016,9,S.PAULO                                 ,PARQUE DOMINGOS LUIS                    ,20,-23.49301194,-46.61653213
370756,8773,Furto (art. 155),2016,9,S.PAULO                                 ,ALAMEDA DOS AICAS                       ,1137,-23.61252556,-46.66152984
598982,221,Furto (art. 155),2016,1,S.PAULO                                 ,AVENIDA SAO JOAO                        ,1200,-23.539227399999998,-46.64582529
665920,808804,Furto (art. 155),2016,6,S.PAULO                                 ,RUA SENADOR CESAR LACERDA VERGUEIRO     ,461,-23.54643684,-46.69324832
413679,42694,Roubo (art. 157),2016,1,S.PAULO                                 ,RUA CAMPINAS DO SUL                     ,0,-23.55283548,-46.46857868
729823,484,Furto (art. 155),2016,2,S.PAULO                                 ,ESTRADA DO LAGEADO VELHO                ,64,-23.53913628,-46.40801727
371257,1887,Roubo (art. 157),2016,8,S.PAULO                                 ,RUA COLONIAL DO IRAI                    ,313,-23.45490044,-46.71767127
467375,273453,Roubo (art. 157),2016,2,S.PAULO                                 ,RUA JOSE BONIFACIO                      ,298,-23.54896558,-46.63720768
580473,67225,Roubo (art. 157),2016,1,TABOAO DA SERRA                         ,RUA ANGELINA                            ,50,-23.62598174,-46.78953538
505507,6257,Lesão corporal (art. 129),2016,11,TABOAO DA SERRA                         ,RUA JOSÉ COPAZI                         ,30,-23.61823895,-46.76394014
86237,2703,"Furto qualificado (art. 155, §4o.)",2016,3,S.PAULO                                 ,RUA PATIZAL                             ,67,-23.55526146,-46.6883266
621686,1156,Furto (art. 155),2016,5,BARUERI                                 ,AVENIDA TAMBORÉ                         ,1433,-23.49472765,-46.8416615
17323,13,"Drogas sem autorização ou em desacordo (Art.33, caput)",2016,2,S.PAULO                                 ,RUA ALMIRANTE MARIATH                   ,247,-23.60359718,-46.59619617
645808,171,Roubo (art. 157),2016,1,S.BERNARDO DO CAMPO                     ,AVENIDA DOUTOR RUDGE RAMOS              ,1000,-23.64853041,-46.57866791
646073,1299,"Furto qualificado (art. 155, §4o.)",2016,4,S.PAULO                                 ,RUA DORIVAL LOURENCO DA SILVA           ,36,-23.55869003,-46.51901668
85173,286,"Furto qualificado (art. 155, §4o.)",2016,1,ITAPECERICA DA SERRA                    ,RODOVIA BR 116                          ,289,-23.7218021,-46.88739155
104617,2297,Roubo (art. 157),2016,2,S.PAULO                                 ,AVENIDA RAGUEB CHOHFI                   ,550,-23.60753868,-46.47250286
645065,1566,Furto (art. 155),2016,5,S.ANDRE                                 ,ESTRADA DO PEDROSO                      ,0,-23.69717789,-46.50433346
652778,113,Furto (art. 155),2016,1,S.PAULO                                 ,RUA FRANCISCO ARVANI                    ,100,-23.64955463,-46.71393154
199900,6966,"Furto qualificado (art. 155, §4o.)",2016,11,S.PAULO                                 ,RUA SOARES DE MEIRELES                  ,128,-23.47986789,-46.74709333
693343,1004098,Roubo (art. 157),2016,8,S.PAULO                                 ,AVENIDA DOS NACIONALISTAS               ,100,-23.57616802,-46.51961468
599722,246961,Furto (art. 155),2016,2,S.PAULO                                 ,De Paraisopolis/Santo Amaro             ,59,-23.59783423,-46.72898186
735438,3153,Furto (art. 155),2016,4,S.PAULO                                 ,RUA SIQUEIRA BUENO                      ,929,-23.54777475,-46.59058446
693553,204565,Roubo (art. 157),2016,2,S.PAULO                                 ,ESTAÇÃO METRO REPÚBLICA                 ,0,-23.5431853,-46.64337321
704066,1075496,Furto (art. 155),2016,8,S.PAULO                                 ,RUA DA CONSOLACAO                       ,2367,-23.55602902,-46.66327496
645313,764694,Furto (art. 155),2016,6,S.PAULO                                 ,AVENIDA SENADOR QUEIROS                 ,0,-23.539407699999998,-46.63357951
490851,1198,Furto (art. 155),2016,1,S.PAULO                                 ,RUA VEREADOR JOSE DE MOURA              ,56,-23.46316741,-46.584675
246522,7281,Furto (art. 155),2016,8,S.PAULO                                 ,RUA AUGUSTO PERRONI                     ,250,-23.57376973,-46.72319223
264309,45193,Furto (art. 155),2016,1,S.ANDRE                                 ,RUA GENERAL GLICÉRIO                    ,1030,-23.65885028,-46.52085381
692730,3553,Roubo (art. 157),2016,10,S.PAULO                                 ,RUA ARARANDEUA                          ,115,-23.55753345,-46.49394911
538169,1414255,Furto (art. 155),2016,11,S.PAULO                                 ,AVENIDA DEZENOVE DE JANEIRO             ,215,-23.55458023,-46.52689303
385713,1138760,Furto (art. 155),2016,9,S.PAULO                                 ,RUA DOUTOR DIOGO DE FARIA               ,20,-23.596249,-46.63689636
283847,6576,Roubo (art. 157),2016,9,S.PAULO                                 ,AVENIDA DO ESTADO                       ,8634,-23.58301779,-46.59938787
272821,8705,Roubo (art. 157),2016,12,S.PAULO                                 ,RUA VENANCIO LISBOA                     ,400,-23.56767018,-46.46927313
20952,1586424,Furto (art. 155),2016,12,S.PAULO                                 ,AVENIDA  VITAL BRASIL                   ,1500,-23.56839363,-46.71751055
658391,6029,Roubo (art. 157),2016,10,S.ANDRE                                 ,RUA GUAPÉ                               ,1,-23.67700229,-46.53989718
198135,1573,Roubo (art. 157),2016,7,S.PAULO                                 ,RUA HELCIO DA SILVA                     ,88,-23.45804694,-46.69885694
646338,2544,Roubo (art. 157),2016,7,S.PAULO                                 ,RUA GUAPERUVU                           ,200,-23.53501665,-46.53897953
598567,8573,Furto (art. 155),2016,8,OSASCO                                  ,PRAÇA ANTÔNIO MENCK                     ,0,-23.52798088,-46.77644598
381941,347799,Roubo (art. 157),2016,3,S.ANDRE                                 ,AVENIDA DOM PEDRO I                     ,1111,-23.67463863,-46.51287264
629104,976,Furto (art. 155),2016,9,S.PAULO                                 ,AVENIDA JOSE PINHEIRO BORGES            ,0,-23.53914678,-46.47078444
236531,894649,Furto (art. 155),2016,4,MAIRIPORA                               ,AVENIDA LEONOR DE OLIVEIRA              ,0,-23.31953219,-46.59041397
73992,4208,Roubo (art. 157),2016,11,S.PAULO                                 ,RUA BENTO LEITE DA SILVA                ,143,-23.67560278,-46.74268585
37723,520687,Roubo (art. 157),2016,4,S.ANDRE                                 ,AV. PRESTES MAIA                        ,356,-23.65896071,-46.55360466
402178,3971,Furto (art. 155),2016,8,S.PAULO                                 ,AVENIDA ARICANDUVA                      ,5555,-23.57475672,-46.50299307
189110,6017,Furto (art. 155),2016,12,DIADEMA                                 ,RUA GAIVOTA                             ,600,-23.66169655,-46.62517375
13022,559940,Roubo (art. 157),2016,5,MAUA                                    ,AVENIDA AIRTON SENNA DA SILVA           ,1000,-23.65186821,-46.470752600000004
268527,1342799,Furto (art. 155),2016,10,S.PAULO                                 ,AVENIDA PROFESSOR FRANCISCO MORATO      ,4293,-23.59436937,-46.73705857
601981,131223,Roubo (art. 157),2016,1,S.PAULO                                 ,RUA BRAS FERREIRA DA SILVA              ,194,-23.50622958,-46.44171651
290249,2090,Roubo (art. 157),2016,10,TABOAO DA SERRA                         ,ESTRADA KIZAEMON TAKEUTI                ,2425,-23.63977791,-46.79800345
380232,874821,Furto (art. 155),2016,7,S.PAULO                                 ,RUA SARGENTO EDISIO AFONSO DE CARVALHO  ,115,-23.61941451,-46.49496001
626320,6924,Roubo (art. 157),2016,7,S.PAULO                                 ,RUA DESEMBARGADOR BRENO CARAMURU TEIXEIR,535,-23.50494783,-46.36774049
530012,11016,Roubo (art. 157),2016,11,S.PAULO                                 ,RUA OLIMPIO RODRIGUES DE ARAUJO         ,1037,-23.6523069,-46.79024255
340582,5815,Furto (art. 155),2016,11,S.PAULO                                 ,AVENIDA RIO BRANCO                      ,630,-23.54059845,-46.63954015
450680,1819,Lesão corporal (art. 129),2016,4,GUARULHOS                               ,RUA BRIGADEIRO LIMA E SILVA             ,369,-23.46508816,-46.55586054
88018,2367,"Drogas sem autorização ou em desacordo (Art.33, caput)",2016,6,S.PAULO                                 ,RUA DOUTOR CAMPOS MELLO                 ,33,-23.45695145,-46.73184934
361634,1768,Roubo (art. 157),2016,4,EMBU                                    ,RUA SÃO CAETANO                         ,332,-23.65392757,-46.81226159
526103,1535830,Furto (art. 155),2016,11,S.PAULO                                 ,AVENIDA ITABERABA                       ,3000,-23.48056038,-46.68207783
518892,169098,Furto (art. 155),2016,2,S.PAULO                                 ,Rua Xavier de Toledo                    ,220,-23.54746695,-46.63999785
528656,249702,Roubo (art. 157),2016,2,S.PAULO                                 ,RUA LAGO MANDIORE                       ,72,-23.49947647,-46.38204369
433166,1553,Furto (art. 155),2016,5,S.PAULO                                 ,RUA MARIO FRUGIUELE                     ,8,-23.67563511,-46.65166313
471421,1030495,Roubo (art. 157),2016,8,COTIA                                   ,RUA BENEDITO LEMOS LEITE                ,71,-23.605041500000002,-46.92532566
39393,4354,Lesão corporal (art. 129),2016,4,S.PAULO                                 ,AVENIDA PEDRO SEVERINO                  ,288,-23.63181335,-46.6436928
595953,1648,Roubo (art. 157),2016,3,S.PAULO                                 ,RUA AFONSO XIII                         ,4,-23.65656788,-46.65071238
715372,833,Roubo (art. 157),2016,4,OSASCO                                  ,AVENIDA DOUTOR MARTIN LUTHER KING       ,0,-23.55066067,-46.77569328
589509,960591,Furto (art. 155),2016,7,S.PAULO                                 ,AVENIDA ENGENHEIRO ROBERTO ZUCCOLO      ,555,-23.52630888,-46.7452778
547856,925,Lesão corporal culposa na direção de veículo automotor (Art. 303),2016,1,S.PAULO                                 ,RUA MACHADO DE ASSIS                    ,114,-23.58223534,-46.63714726
338039,167746,Furto (art. 155),2016,2,S.PAULO                                 ,ALAMEDA RODRIGO DE BRUM                 ,1989,-23.50035483,-46.47177714
115822,8025,Furto (art. 155),2016,11,S.PAULO                                 ,RUA NILCE                               ,31,-23.56119654,-46.44745782
7113,1083456,Furto (art. 155),2016,8,S.PAULO                                 ,Avenida Cangaiba                        ,2739,-23.59233161,-46.54324894
514271,4442,Furto (art. 155),2016,11,S.PAULO                                 ,RUA VINTE E CINCO DE MARCO              ,0,-23.54947784,-46.63008282
43229,831,Furto (art. 155),2016,3,DIADEMA                                 ,RUA DONÁ MARIA LEITE                    ,180,-23.69175077,-46.59494616
36792,503,Lesão corporal (art. 129),2016,1,DIADEMA                                 ,RUA DENISE MORI SANTA LÚCIA             ,15,-23.70566622,-46.61931604
203495,6862,"Furto qualificado (art. 155, §4o.)",2016,12,S.PAULO                                 ,RUA ENGENHEIRO FOX                      ,610,-23.51576749,-46.70502121
571529,13389,"Furto qualificado (art. 155, §4o.)",2016,12,S.PAULO                                 ,AVENIDA CELSO GARCIA                    ,1000,-23.53844432,-46.60266471
269061,1323,"Furto qualificado (art. 155, §4o.)",2016,3,S.PAULO                                 ,AVENIDA ULTRAMARINO                     ,220,-23.47541633,-46.63836918
522502,29001,Furto (art. 155),2016,9,S.ANDRE                                 ,RUA SILVA JARDIM                        ,577,-23.63491879,-46.53188913
82583,989516,Furto (art. 155),2016,8,S.ANDRE                                 ,AVENIDA JOÃO RAMALHO                    ,440,-23.66582121,-46.52639008
228928,163417,Roubo (art. 157),2016,2,OSASCO                                  ,AVENIDA LUÍS RINK                       ,751,-23.51426347,-46.77314141
528552,670,Roubo (art. 157),2016,2,DIADEMA                                 ,RUA SUL                                 ,100,-23.70400017,-46.62356866
133729,187666,Furto (art. 155),2016,2,S.PAULO                                 ,AVENIDA ALEXIOS JAFET                   ,1100,-23.44739509,-46.74800284
614548,4711,"Furto qualificado (art. 155, §4o.)",2016,6,S.PAULO                                 ,RUA JUDITH PASSALD ESTEVES              ,255,-23.60078895,-46.73164668
88086,39956,Roubo (art. 157),2016,1,S.ANDRE                                 ,RUA ADRIÁTICO                           ,0,-23.69728985,-46.51492208
537643,2017,Lesão corporal culposa na direção de veículo automotor (Art. 303),2016,3,S.PAULO                                 ,AVENIDA VINTE E TRES DE MAIO            ,469,-23.55662794,-46.6375802
107229,1536543,Furto (art. 155),2016,11,S.PAULO                                 ,AVENIDA JAGUARE                         ,1487,-23.54807725,-46.73714107
322855,1053022,Furto (art. 155),2016,8,S.PAULO                                 ,RUA LENO                                ,229,-23.66473565,-46.64121352
347376,165690,Furto (art. 155),2016,2,S.PAULO                                 ,RUA FIDALGA                             ,516,-23.55517212,-46.69074793
715095,842,Lesão corporal (art. 129),2016,2,S.PAULO                                 ,RUA CACHOEIRA DAS ABELHAS               ,57,-23.57009735,-46.40885653
681302,308859,Furto (art. 155),2016,3,S.PAULO                                 ,RUA BARATA RIBEIRO                      ,380,-23.55669306,-46.65402345
401311,2557,Furto (art. 155),2016,7,S.PAULO                                 ,RUA MANIBA                              ,131,-23.61143912,-46.50786553
233746,2109,Roubo (art. 157),2016,6,S.PAULO                                 ,AVENIDA DO ORATORIO                     ,5683,-23.60698274,-46.52250112
170511,2052,Roubo (art. 157),2016,4,DIADEMA                                 ,AVENIDA CONCEIÇÃO                       ,650,-23.67765251,-46.62738086
197566,4448,Lesão corporal culposa na direção de veículo automotor (Art. 303),2016,5,S.PAULO                                 ,RUA SERRA DE SAO DOMINGOS               ,800,-23.55321626,-46.451988
252607,5366,Roubo (art. 157),2016,8,MAUA                                    ,RUA ORATÓRIO                            ,100,-23.62416299,-46.48269175
15786,7797,Furto (art. 155),2016,7,S.PAULO                                 ,AVENIDA ADOLFO PINHEIRO                 ,1000,-23.64474234,-46.70042474
153611,1112251,Furto (art. 155),2016,8,S.PAULO                                 ,AVENIDA PROFESSOR NOE AZEVEDO           ,205,-23.58825608,-46.63442534
652997,242882,Furto (art. 155),2016,2,S.PAULO                                 ,RUA LUMINARIAS                          ,1285,-23.54941193,-46.69036641
463659,38976,Furto (art. 155),2016,12,S.PAULO                                 ,RUA BARAO DE LADARIO                    ,398,-23.53865776,-46.61908475
125183,1157,Homicídio culposo na direção de veículo automotor (Art. 302),2016,2,GUARULHOS                               ,ACESSO BR 116                           ,2500,-23.446893,-46.45325842
704602,137,Lesão corporal (art. 129),2016,1,S.PAULO                                 ,RUA BURACICA                            ,61,-23.46533059,-46.57350306
699722,7898,Roubo (art. 157),2016,9,S.PAULO                                 ,RUA GESUMINA BASANI                     ,246,-23.611338399999998,-46.49486278
632393,3445,Roubo (art. 157),2016,11,TABOAO DA SERRA                         ,RUA PAULO AIRES                         ,75,-23.61639686,-46.78703121
167421,3666,Lesão corporal culposa na direção de veículo automotor (Art. 303),2016,4,S.PAULO                                 ,AVENIDA ARICANDUVA                      ,7374,-23.58058201,-46.49277758
411097,2249,Furto (art. 155),2016,7,S.PAULO                                 ,AVENIDA LIDER                           ,3330,-23.55695046,-46.47570487
502461,1424459,Furto (art. 155),2016,11,S.PAULO                                 ,AVENIDA OLAVO FONTOURA                  ,1209,-23.515256,-46.64208557
72496,1482131,Furto (art. 155),2016,11,S.ANDRE                                 ,RUA GENERAL GLICÉRIO                    ,0,-23.65499302,-46.52693835
405774,816,Furto (art. 155),2016,3,S.PAULO                                 ,RUA SAO BERTOLDO                        ,449,-23.49422134,-46.45622747
226689,353,Lesão corporal culposa na direção de veículo automotor (Art. 303),2016,4,OSASCO                                  ,AVENIDA DOUTOR ALBERTO JACKSON BYINGTON ,1505,-23.49075228,-46.77048637
630730,5408,Roubo (art. 157),2016,10,S.PAULO                                 ,ESTRADA DO CAMPO LIMPO                  ,4059,-23.62452648,-46.76451527
531487,7596,Roubo (art. 157),2016,9,S.PAULO                                 ,AVENIDA CUSTODIO DE SA E FARIA          ,0,-23.618910999999997,-46.51100747
582270,10009,Roubo (art. 157),2016,11,S.PAULO                                 ,RUA ANTONIO DE FRANCA E SILVA           ,74,-23.6155131,-46.50149565
642797,1449223,Roubo (art. 157),2016,11,S.PAULO                                 ,RUA GENERAL MANOEL VARGAS               ,390,-23.64706525,-46.63723369
607199,3488,Roubo (art. 157),2016,6,S.PAULO                                 ,AVENIDA EMBAIXADOR MACEDO SOARES        ,1,-23.51366283,-46.72286
566935,1418720,Furto (art. 155),2016,11,S.PAULO                                 ,AVENIDA SENADOR TEOTONIO VILELA         ,8000,-23.7679225,-46.71748234
734375,4091,Roubo (art. 157),2016,4,S.PAULO                                 ,RUA SAO BRUNO                           ,94,-23.50272776,-46.64708638
114186,553412,Furto (art. 155),2016,5,S.PAULO                                 ,RUA SALTO                               ,2,-23.57491941,-46.65665104
505447,298298,Furto (art. 155),2016,3,S.PAULO                                 ,ESTAÇÃO METRO TATUAPE                   ,0,-23.54044805,-46.57731019
736104,277870,Furto (art. 155),2016,2,S.PAULO                                 ,AVENIDA IPIRANGA                        ,752,-23.54167229,-46.6395912
57875,1027707,Furto (art. 155),2016,8,S.PAULO                                 ,RUA IBITIRAMA                           ,251,-23.58288962,-46.5850851
452797,1206089,Furto (art. 155),2016,9,S.PAULO                                 ,RUA EMILIO COLELLA                      ,311,-23.49814797,-46.74076787
360442,989873,Furto (art. 155),2016,8,S.PAULO                                 ,RUA MANOEL DA NOBREGA                   ,521,-23.56955481,-46.64951715
269344,7186,Roubo (art. 157),2016,8,S.PAULO                                 ,RUA ANTONIO AUGUSTO CORTESAO            ,150,-23.60150426,-46.50567652
438146,3775,Furto (art. 155),2016,9,S.PAULO                                 ,RUA BARAO DO BANANAL                    ,289,-23.52757167,-46.68452338
259252,2844,"Furto qualificado (art. 155, §4o.)",2016,8,S.PAULO                                 ,RUA DAVID ZEIGER                        ,30,-23.54378515,-46.58157137
523782,7501,Furto (art. 155),2016,8,S.PAULO                                 ,AVENIDA AMADOR BUENO DA VEIGA           ,155,-23.52306967,-46.54313725
725488,1078,Roubo (art. 157),2016,9,S.CAETANO DO SUL                        ,RUA BOA VISTA                           ,523,-23.64247478,-46.56181515
665308,1329,Roubo (art. 157),2016,2,DIADEMA                                 ,RUA SÃO FRANCISCO DE SÁLES              ,50,-23.68299884,-46.62148876
292653,4239,Furto (art. 155),2016,8,S.PAULO                                 ,RUA EDUARDO VASSIMON                    ,140,-23.60180692,-46.399624700000004
10264,761,Roubo (art. 157),2016,1,S.BERNARDO DO CAMPO                     ,RUA DOUTOR CINCINATO BRAGA              ,0,-23.69737396,-46.56290217
22369,3008,Roubo (art. 157),2016,6,S.PAULO                                 ,AVENIDA FREDERICK HOFFMAN               ,325,-23.52995903,-46.47779318
216996,1045859,Furto (art. 155),2016,8,S.PAULO                                 ,RUA BOA VISTA                           ,230,-23.54444933,-46.63414436
204825,4077,Lesão corporal culposa na direção de veículo automotor (Art. 303),2016,7,S.PAULO                                 ,RUA ZIMON LEIRNER                       ,0,-23.51703733,-46.67505072
162826,6137,Lesão corporal (art. 129),2016,9,S.PAULO                                 ,RUA CANUTO DO VAL                       ,216,-23.54007658,-46.65265453
271757,564789,Furto (art. 155),2016,5,S.PAULO                                 ,R. DA CONSOLAÇÃO                        ,519,-23.54757315,-46.64769202
678994,3100,Lesão corporal culposa na direção de veículo automotor (Art. 303),2016,8,S.PAULO                                 ,AVENIDA DO JANGADEIRO                   ,1,-23.70722346,-46.69548065
614773,3138,Roubo (art. 157),2016,8,POA                                     ,RUA GRADAUS                             ,98,-23.522294199999997,-46.35944852
427687,714,Furto (art. 155),2016,2,TABOAO DA SERRA                         ,RUA VICENTE PEREIRA                     ,608,-23.62519417,-46.77641318
373084,1152924,Furto (art. 155),2016,9,S.PAULO                                 ,AVENIDA REBOUCAS                        ,815,-23.56003146,-46.67099372
471518,1346951,Furto (art. 155),2016,10,S.BERNARDO DO CAMPO                     ,AVENIDA ARMANDO ÍTALO SETI              ,65,-23.69707195,-46.5502174
598507,1179910,Furto (art. 155),2016,9,S.ANDRE                                 ,RUA CAMPOS SÁLES                        ,575,-23.65820536,-46.52414848
168144,420514,Roubo (art. 157),2016,4,DIADEMA                                 ,RUA FELIPE DOS SANTOS                   ,307,-23.69424973,-46.591412299999995
737244,2405,Roubo (art. 157),2016,12,S.PAULO                                 ,RUA DOUTOR RENE FERNANDES               ,100,-23.66136978,-46.63221232
362526,1468003,Furto (art. 155),2016,11,S.PAULO                                 ,RUA DOUTOR JOSE LUIS GUIMARAES          ,9,-23.4718231,-46.62934049
301443,66505,Roubo (art. 157),2016,1,OSASCO                                  ,RUA PAULO LÍCIO RIZO                    ,0,-23.53794891,-46.77998602
211532,2517,Furto (art. 155),2016,7,S.PAULO                                 ,AVENIDA RAIMUNDO PEREIRA DE MAGALHAES   ,8796,-23.46267174,-46.72106209
522537,1357,Roubo (art. 157),2016,3,S.PAULO                                 ,RUA DOUTOR AVELINO CHAVES               ,0,-23.53492943,-46.72719612
555659,7334,Furto (art. 155),2016,11,S.PAULO                                 ,RUA AFONSO CONTIERI                     ,52,-23.60459098,-46.40290352
278926,4441,Furto (art. 155),2016,12,S.PAULO                                 ,RUA DOM MANOEL DELBOUX                  ,10,-23.4868695,-46.71110443
218591,2709,Furto (art. 155),2016,7,S.PAULO                                 ,RUA HUMAITA                             ,520,-23.55935814,-46.6400139
765226,6249,Furto (art. 155),2016,11,S.PAULO                                 ,ESTRADA ITAQUERA GUAIANAZES             ,2000,-23.53549272,-46.42815539
141344,8792,"Furto qualificado (art. 155, §4o.)",2016,9,S.PAULO                                 ,AVENIDA PAULISTA                        ,995,-23.5650138,-46.6519996
12501,612723,Furto (art. 155),2016,5,S.ANDRE                                 ,RUA GEOVANE BATISTA PIRELI              ,1221,-23.66537768,-46.49828683
22455,4510,"Furto qualificado (art. 155, §4o.)",2016,5,S.PAULO                                 ,RUA TEIXEIRA LEITE                      ,88,-23.5568575,-46.62842261
156809,2382,Lesão corporal culposa na direção de veículo automotor (Art. 303),2016,10,S.PAULO                                 ,AVENIDA MONTEMAGNO                      ,2138,-23.57205253,-46.54524125
223420,211,Furto (art. 155),2016,1,S.PAULO                                 ,RUA FLOR DAS ALMAS                      ,551,-23.51398223,-46.44546596
743516,521698,Roubo (art. 157),2016,4,S.PAULO                                 ,RUA JOSE ROBERTO PEREIRA                ,100,-23.58808045,-46.50343254
416211,1569280,Furto (art. 155),2016,12,S.PAULO                                 ,AVENIDA NICOLAS BOER                    ,550,-23.52020847,-46.67932785
209545,624006,Furto (art. 155),2016,5,S.PAULO                                 ,RUA TAMANDARE                           ,596,-23.56405341,-46.63495707
473282,608,"A.I.-Drogas sem autorização ou em desacordo (Art.33, caput)",2016,3,S.PAULO                                 ,RUA DOUTOR ZITO                         ,200,-23.6511603,-46.61046339
328354,6193,Roubo (art. 157),2016,9,MAUA                                    ,TRAVESSA GRAVATA                        ,0,-23.65721947,-46.46986323
277206,9212,A.I.-Roubo (art. 157),2016,9,S.PAULO                                 ,RUA SANTA ROSA DE LIMA                  ,550,-23.4832462,-46.42968418
714766,213187,Furto (art. 155),2016,2,S.PAULO                                 ,RUA CAPITAO FLORINDO PAGANINI           ,20,-23.51548592,-46.53196154
648719,4843,Roubo (art. 157),2016,5,DIADEMA                                 ,RUA RIBEIRÃO PRETO                      ,100,-23.68075928,-46.62027939
222145,1031287,Furto (art. 155),2016,8,S.PAULO                                 ,RUA DO HORTO                            ,125,-23.46088516,-46.6279535
426806,942,Roubo (art. 157),2016,5,GUARULHOS                               ,AVENIDA BIRINEPE                        ,200,-23.45073705,-46.44222713
260278,1148232,Roubo (art. 157),2016,9,S.PAULO                                 ,ESTAÇÃO METRO CONSOLAÇÃO                ,0,-23.55743116,-46.66092328
707291,3811,Roubo (art. 157),2016,10,S.PAULO                                 ,RODOVIA SP 330                          ,26,-23.42157436,-46.79275139999999
649830,1531986,Roubo (art. 157),2016,11,FERRAZ DE VASCONCELOS                   ,RUA GODOFREDO OSÓRIO NOVAIS             ,450,-23.54238458,-46.37090945
48080,405,Lesão corporal (art. 129),2016,7,S.PAULO                                 ,RUA MAJOR ANGELO ZANCHI                 ,717,-23.53175271,-46.5461712
193514,228283,Roubo (art. 157),2016,2,S.PAULO                                 ,PRAÇA FLORIANO PEIXOTO                  ,0,-23.65072527,-46.70804217
12621,785,Furto (art. 155),2016,2,JANDIRA                                 ,RUA FERNANDO PESSOA                     ,673,-23.53959061,-46.908947600000005
381563,7456,Roubo (art. 157),2016,7,S.PAULO                                 ,RUA ANTONIO DE NAVARRO                  ,70,-23.50125333,-46.40310671
6738,1508508,Furto (art. 155),2016,11,S.PAULO                                 ,Rua Cerro Cora                          ,803,-23.54004244,-46.70498049
335939,52476,Furto (art. 155),2016,1,S.PAULO                                 ,AVENIDA ARICANDUVA                      ,4911,-23.54229606,-46.53447798
168920,2359,Roubo (art. 157),2016,6,S.PAULO                                 ,RUA REGINA GARBA                        ,100,-23.45250806,-46.71110734
421894,1699,Lesão corporal culposa na direção de veículo automotor (Art. 303),2016,6,S.PAULO                                 ,AVENIDA MARGINAL DO RIO PINHEIROS       ,9,-23.57437061,-46.69965852
557175,9638,Roubo (art. 157),2016,11,S.PAULO                                 ,AVENIDA CONDE DE FRONTIN                ,1800,-23.53543493,-46.55040612
133634,2429,Roubo (art. 157),2016,4,S.PAULO                                 ,RUA JOAQUIM PINHEIRO                    ,33,-23.58298557,-46.55184144
344244,172106,Furto (art. 155),2016,2,S.PAULO                                 ,RUA DA CONSOLACAO                       ,0,-23.5478777,-46.64907032
524103,11002,Furto (art. 155),2016,12,CARAPICUIBA                             ,RUA GERALDO MECK TRINDADE               ,67,-23.55111388,-46.84766587
487717,62,Furto (art. 155),2016,12,S.PAULO                                 ,AVENIDA NORDESTINA                      ,2370,-23.51153064,-46.43687887
528756,1778,Roubo (art. 157),2016,6,S.PAULO                                 ,AVENIDA IMIRIM                          ,623,-23.49783142,-46.64203226
725141,1255,Roubo (art. 157),2016,2,S.ANDRE                                 ,AVENIDA HENRI SANEJOUAND                ,6,-23.65327544,-46.52600877
371766,4723,Roubo (art. 157),2016,7,MAUA                                    ,RUA BARRA MANSA                         ,144,-23.65558195,-46.46724993
684894,885677,Roubo (art. 157),2016,7,S.PAULO                                 ,"Rodov. Raposo Tavares,                  ",6008,-23.59068428,-46.79766345
600726,7040,Roubo (art. 157),2016,9,S.BERNARDO DO CAMPO                     ,AVENIDA ROBERTO KENEDY                  ,0,-23.70121785,-46.57691071
48931,1062627,Furto (art. 155),2016,8,S.PAULO                                 ,RUA MONSENHOR ANDRADE                   ,0,-23.54516741,-46.62037241
619316,9881,Roubo (art. 157),2016,10,CARAPICUIBA                             ,AVENIDA SANTA TERESINHA                 ,184,-23.51824885,-46.83893812
33827,1547282,Furto (art. 155),2016,12,S.PAULO                                 ,AVENIDA GENERAL DALTRO FILHO            ,220,-23.65347191,-46.64687347
734266,380810,Roubo (art. 157),2016,3,S.PAULO                                 ,RUA DANCA DE ANITRA                     ,1,-23.6679085,-46.75881921
302990,1383413,Roubo (art. 157),2016,10,S.PAULO                                 ,RUA GONCALVES ARANHA                    ,200,-23.47143853,-46.58892723
5803,2660,Lesão corporal (art 129 § 9º),2016,12,S.PAULO                                 ,RUA FRANCISCO BITANCOURT                ,234,-23.53597832,-46.42163234
419220,674,Estupro de vulneravel (art.217-A),2016,1,GUARULHOS                               ,RUA PONTA GROSSA                        ,80,-23.39074596,-46.44232149
494717,312,Roubo (art. 157),2016,2,S.PAULO                                 ,RUA CONCEICAO DE IPANEMA                ,209,-23.59847704,-46.76691888
203763,5460,Roubo (art. 157),2016,12,S.PAULO                                 ,AVENIDA JACU-PESSEGO                    ,3000,-23.53674196,-46.45158656
197060,2643,Lesão corporal (art 129 § 9º),2016,3,S.PAULO                                 ,RUA JOAO DE PAULA FRANCO                ,443,-23.68700699,-46.69779795
600958,880131,Furto (art. 155),2016,7,S.PAULO                                 ,AVENIDA GUARAPIRANGA                    ,752,-23.66641181,-46.71968723
231974,1220,"Furto qualificado (art. 155, §4o.)",2016,6,S.PAULO                                 ,AVENIDA DO RIO BONITO                   ,1955,-23.68849058,-46.70170939
568930,1640,Furto (art. 155),2016,4,ARUJA                                   ,ESTRADA DA PENHA                        ,2261,-23.37113557,-46.3106086
320045,1368764,Roubo (art. 157),2016,10,S.PAULO                                 ,AVENIDA COMENDADOR SANTANNA             ,200,-23.67468106,-46.77376071
350398,272,"A.I.-Drogas sem autorização ou em desacordo (Art.33, caput)",2016,9,MOGI DAS CRUZES                         ,RUA SAO PAULO                           ,0,-23.48126283,-46.08741901
737153,880033,Furto (art. 155),2016,7,S.PAULO                                 ,RUA CORONEL XAVIER DE TOLEDO            ,23,-23.54609999,-46.63891114
211701,2928,Roubo (art. 157),2016,6,S.PAULO                                 ,RUA JEJU                                ,1,-23.57584374,-46.515214799999995
136693,1616,Lesão corporal culposa na direção de veículo automotor (Art. 303),2016,8,COTIA                                   ,RODOVIA SP 270                          ,24,-23.59227223,-46.83510196
466965,3522,Furto (art. 155),2016,7,OSASCO                                  ,AVENIDA FUAD AUADA                      ,401,-23.52390058,-46.77317369
718624,2,Roubo (art. 157),2016,1,S.PAULO                                 ,RUA SARGENTO PEDRO DOS SANTOS           ,253,-23.53511756,-46.45802533
171699,1138,Furto (art. 155),2016,6,S.PAULO                                 ,RUA LUSSANVIRA                          ,178,-23.64045258,-46.63762257
350594,2043,Furto (art. 155),2016,5,POA                                     ,RUA PADRE EUSTÁQUIO                     ,0,-23.53455767,-46.34148745
512662,7360,Roubo (art. 157),2016,7,S.PAULO                                 ,AVENIDA CONDE DE FRONTIN                ,2002,-23.53504766,-46.5484753
497606,5496,Furto (art. 155),2016,10,S.PAULO                                 ,RUA SILVA TELES                         ,1462,-23.52607734,-46.60618205
347541,1470,Lesão corporal (art. 129),2016,9,CARAPICUIBA                             ,AVENIDA RUI BARBOSA                     ,676,-23.5205408,-46.85095877
514090,1604,Roubo (art. 157),2016,3,S.ANDRE                                 ,RUA AIMBERE                             ,464,-23.64458551,-46.52167715
277915,4411,Furto (art. 155),2016,5,S.PAULO                                 ,AVENIDA CARLOS OBERHUBER                ,261,-23.74106642,-46.70779978
146791,6476,"Drogas sem autorização ou em desacordo (Art.33, caput)",2016,11,OSASCO                                  ,RUA LEONARDO RODRIGUES NOGUEIRA FILHO   ,533,-23.55647415,-46.811268
724288,193471,Furto (art. 155),2016,2,S.PAULO                                 ,AVENIDA RAIMUNDO PEREIRA DE MAGALHAES   ,2229,-23.50718662,-46.71165267
275996,2283,Furto (art. 155),2016,5,MOGI DAS CRUZES                         ,RUA FABIO JUNGERS                       ,427,-23.54570955,-46.23705957
682458,1483,Lesão corporal (art 129 § 9º),2016,12,EMBU DAS ARTES                          ,RUA BAHIA                               ,253,-23.64260654,-46.852013899999996
176297,816621,Roubo (art. 157),2016,6,S.PAULO                                 ,AVENIDA ERNESTO IGEL                    ,0,-23.51774472,-46.72824006
192735,2209,A.I.-Lesão corporal (art. 129),2016,2,S.PAULO                                 ,RUA DOUTOR DURVAL VILALVA               ,547,-23.49884622,-46.40110159
198564,1879,Roubo (art. 157),2016,4,S.PAULO                                 ,AVENIDA MARGINAL TIETE CENTRAL          ,13500,-23.50806924,-46.7054112
240243,628,Roubo (art. 157),2016,2,S.PAULO                                 ,AVENIDA ELISIO TEIXEIRA LEITE           ,6300,-23.4474092,-46.71704741
290473,1459,Roubo (art. 157),2016,4,POA                                     ,RUA DOUTOR MIGUEL COUTO                 ,37,-23.52878734,-46.34800046
726396,1495860,Furto (art. 155),2016,11,S.PAULO                                 ,AVENIDA COMENDADOR SANTANNA             ,634,-23.67088115,-46.77283685
411041,150346,Furto (art. 155),2016,2,S.PAULO                                 ,Rua Abrao Calil Rezek                   ,91,-23.59707238,-46.73432602
171716,2956,Furto (art. 155),2016,9,S.ANDRE                                 ,RUA DOS DOMINICANOS                     ,44,-23.70432378,-46.50291122
59478,1362,Roubo (art. 157),2016,2,S.PAULO                                 ,RUA NELSON TARTUCCE                     ,498,-23.53853239,-46.48303627
63008,1344358,Roubo (art. 157),2016,10,S.PAULO                                 ,Avenida das Nações Unidas               ,7062,-23.562962,-46.70397839
208339,744216,Furto (art. 155),2016,6,S.PAULO                                 ,RUA DOMINGOS PAIVA                      ,224,-23.54816549,-46.61487652
47452,3601,"Furto qualificado (art. 155, §4o.)",2016,4,S.PAULO                                 ,RUA CONCEICAO DA BREJAUBA               ,464,-23.52008218,-46.50604651
79066,652,Furto (art. 155),2016,2,S.PAULO                                 ,RUA AUGUSTA                             ,50,-23.55031044,-46.64716753
155497,5512,Furto (art. 155),2016,6,S.PAULO                                 ,RUA PIRES PIMENTEL                      ,50,-23.58745213,-46.58338185
766833,6113,A.I.-Roubo (art. 157),2016,12,DIADEMA                                 ,AVENIDA CASA GRANDE                     ,1,-23.69257474,-46.58363501
584055,7571,Furto (art. 155),2016,8,S.PAULO                                 ,RUA DOS MARAPES                         ,220,-23.654174800000003,-46.64825363
6331,1614733,Furto (art. 155),2016,12,S.PAULO                                 ,RUA FLORENVILLE                         ,81,-23.66335287,-46.70893319
310614,960,Furto (art. 155),2016,3,S.PAULO                                 ,RUA PROFESSOR ANTONIO SAMPAIO DORIA     ,152,-23.59044948,-46.49357118
683654,760,Roubo (art. 157),2016,3,S.PAULO                                 ,RUA CABO VERDE                          ,248,-23.60536686,-46.67724214
678576,709,Lesão corporal (art. 129),2016,1,DIADEMA                                 ,RUA GÁSPAR RICARDO                      ,1,-23.69097995,-46.62975069
598343,656964,Roubo (art. 157),2016,4,S.PAULO                                 ,AVENIDA SAO MIGUEL                      ,0,-23.499106100000002,-46.467747100000004
102763,6197,Furto (art. 155),2016,7,S.PAULO                                 ,AVENIDA MOACI                           ,0,-23.60875571,-46.66717788
611861,1193779,Roubo (art. 157),2016,9,S.ANDRE                                 ,RUA ANTUERPIA                           ,0,-23.6200413,-46.53468464
14721,7684,"A.I.-Drogas sem autorização ou em desacordo (Art.33, caput)",2016,8,S.PAULO                                 ,RUA COSTA DO MARFIM                     ,18,-23.68316677,-46.77494535
521810,20042,Furto (art. 155),2016,6,S.PAULO                                 ,AVENIDA LEAO MACHADO                    ,100,-23.54806444,-46.75655375
307124,6639,Furto (art. 155),2016,12,S.PAULO                                 ,PRAÇA NOVA AMERICA                      ,0,-23.64057871,-46.63658514
568713,3822,Lesão corporal (art. 129),2016,12,S.PAULO                                 ,AVENIDA MORVAN DIAS DE FIGUEREDO        ,4200,-23.5275592,-46.59278846
521855,750,Lesão corporal (art. 129),2016,4,S.PAULO                                 ,RUA NILZA                               ,672,-23.52327555,-46.52158535
63109,4689,Roubo (art. 157),2016,5,S.PAULO                                 ,RUA PUTUMUJU                            ,0,-23.54059674,-46.70460894
734767,6457,Lesão corporal (art. 129),2016,9,S.PAULO                                 ,RUA CAJURU                              ,362,-23.54340899,-46.60021313
311770,1187495,Roubo (art. 157),2016,9,S.PAULO                                 ,AVENIDA INDIANOPOLIS                    ,0,-23.6156313,-46.64951386
70802,1356320,Roubo (art. 157),2016,10,S.PAULO                                 ,LARGO SAO FRANCISCO                     ,95,-23.54949289,-46.63722143
667940,4301,Roubo (art. 157),2016,8,SUZANO                                  ,RUA GENERAL FRANCISCO GLICÉRIO          ,0,-23.53463038,-46.30803963
447795,125056,Furto (art. 155),2016,1,S.PAULO                                 ,AVENIDA SANTA MARINA                    ,296,-23.52199292,-46.68722779
447564,1679,Furto (art. 155),2016,5,S.PAULO                                 ,RUA DOMINGOS DE MORAIS                  ,1581,-23.59026636,-46.63521708
507040,180804,Furto (art. 155),2016,2,S.PAULO                                 ,AVENIDA ANACE                           ,800,-23.61837877,-46.75676312
103101,2599,Furto (art. 155),2016,3,S.PAULO                                 ,RUA DOMIZIANO ROSSI                     ,602,-23.59978238,-46.47600595
456938,5688,"Furto qualificado (art. 155, §4o.)",2016,12,S.PAULO                                 ,RUA ZAMBEZE                             ,357,-23.54595059,-46.53554606
433286,300700,Roubo (art. 157),2016,3,S.PAULO                                 ,RUA BENEDITA DORNELLAS CLARO            ,500,-23.51576733,-46.57466583
191859,2862,Furto (art. 155),2016,7,S.PAULO                                 ,RUA MARACA                              ,234,-23.634863100000004,-46.63870764
179484,3949,Roubo (art. 157),2016,7,POA                                     ,RUA VEREADOR JOSÉ DOS SANTOS LIMA       ,87,-23.52261966,-46.3400322
8497,1596,Lesão corporal culposa na direção de veículo automotor (Art. 303),2016,2,S.PAULO                                 ,AVENIDA ENGENHEIRO HEITOR ANTONIO EIRAS ,1278,-23.57904852,-46.74535354
403251,112434,Furto (art. 155),2016,1,OSASCO                                  ,AVENIDA FRANZ VOEGELI                   ,577,-23.54106669,-46.76234618
257515,1230,Lesão corporal culposa na direção de veículo automotor (Art. 303),2016,5,DIADEMA                                 ,AVENIDA PRESIDENTE JUSCELINO            ,0,-23.68069981,-46.59561919
588488,1223,Roubo (art. 157),2016,3,MOGI DAS CRUZES                         ,AVENIDA ALEXANDRINA                     ,0,-23.54589053,-46.225367
595724,5145,Roubo (art. 157),2016,9,OSASCO                                  ,AVENIDA VÍTOR CIVITA                    ,548,-23.58327859,-46.80129132
760498,1107,Lesão corporal (art 129 § 9º),2016,7,GUARULHOS                               ,RUA TAMBORIU                            ,216,-23.45599791,-46.45892147
36538,256,Furto (art. 155),2016,1,OSASCO                                  ,RUA IDA TRONOLONI BOZI                  ,144,-23.53461637,-46.78351429
186751,1035,Furto (art. 155),2016,6,MAUA                                    ,AVENIDA BRASIL                          ,3000,-23.69517394,-46.4451811
713317,7966,Lesão corporal (art. 129),2016,12,S.ANDRE                                 ,AVENIDA VALENTIM MAGALHÃES              ,0,-23.669987300000003,-46.50166148
265262,8285,Roubo (art. 157),2016,10,S.PAULO                                 ,RUA BOTAFOGO                            ,38,-23.47168749,-46.67828145
388749,939,Furto (art. 155),2016,3,EMBU                                    ,ESTRADA DO JAPONES                      ,550,-23.6452155,-46.91051496
311551,1083641,Furto (art. 155),2016,8,S.PAULO                                 ,RUA VICTORIO LAZZARI                    ,100,-23.54636513,-46.45297612
616571,3385,Furto (art. 155),2016,9,S.PAULO                                 ,RUA FRANCISCO LOPES PINTO               ,75,-23.65520479,-46.67583102
119326,319775,Furto (art. 155),2016,3,S.PAULO                                 ,RUA AFONSO CELSO                        ,235,-23.59296435,-46.63520932
406315,840046,Roubo (art. 157),2016,7,S.BERNARDO DO CAMPO                     ,RUA ENGENHEIRO ISAAC GARCÊS             ,629,-23.66634635,-46.56784483
457807,683409,Roubo (art. 157),2016,5,S.PAULO                                 ,RUA EGYDIO MARTINS DA COSTA             ,253,-23.62527513,-46.75127265
273411,794,Furto (art. 155),2016,2,S.PAULO                                 ,RUA DOS CAJUEIROS                       ,0,-23.6439237,-46.64475801
175534,2272,Roubo (art. 157),2016,5,DIADEMA                                 ,RUA BERLIM                              ,99,-23.67796911,-46.61195797
7009,1837,Furto (art. 155),2016,9,MAUA                                    ,RUA ADÁLIAS                             ,10,-23.70105464,-46.45453584
119479,8240,Roubo (art. 157),2016,11,ITAQUAQUECETUBA                         ,ESTRADA VALTER DA SILVA COSTA           ,1311,-23.47707221,-46.36616706
609181,678587,Furto (art. 155),2016,5,S.PAULO                                 ,RUA AUGUSTA                             ,1662,-23.55813134,-46.66023824
37148,1368598,Furto (art. 155),2016,10,S.CAETANO DO SUL                        ,RUA RIBEIRÃO PRETO                      ,65,-23.62611626,-46.55891877
100300,12460,Roubo (art. 157),2016,12,TABOAO DA SERRA                         ,RODOVIA BR 116                          ,65,-23.60891957,-46.7572968
634140,4047,Roubo (art. 157),2016,6,S.PAULO                                 ,RUA INACIO DE ARAUJO                    ,223,-23.54465316,-46.60689823
656453,815341,Roubo (art. 157),2016,6,S.PAULO                                 ,rua elza dos anjos                      ,10,-23.507959399999997,-46.59789917
17341,382001,Roubo (art. 157),2016,3,S.PAULO                                 ,RUA BARDANA                             ,89,-23.51291131,-46.44815857
639778,6421,Lesão corporal (art 129 § 9º),2016,8,S.PAULO                                 ,RUA ARROIO SANTO ANTONIO                ,60,-23.57171874,-46.40069192
183535,1289346,Furto (art. 155),2016,10,S.PAULO                                 ,AVENIDA PACAEMBU                        ,33,-23.53426634,-46.66218504
238956,1453747,Roubo (art. 157),2016,11,S.PAULO                                 ,RUA ALOANDIA                            ,197,-23.52906623,-46.48542632
727352,1275,"Furto qualificado (art. 155, §4o.)",2016,6,S.PAULO                                 ,RUA GUENTER                             ,157,-23.57859572,-46.54678133
124589,463163,Roubo (art. 157),2016,4,S.PAULO                                 ,RUA MONTEIRO DE MELO                    ,50,-23.52737031,-46.70341824
6563,3228,Lesão corporal (art 129 § 9º),2016,3,S.PAULO                                 ,RUA MARIA CELIA CORREA                  ,13,-23.51709596,-46.38879468
592257,1310253,Roubo (art. 157),2016,10,S.PAULO                                 ,RUA PADRE ANTAO JORGE                   ,0,-23.52154682,-46.43981137
663599,1357811,Furto (art. 155),2016,10,S.PAULO                                 ,AVENIDA DOUTOR ASSIS RIBEIRO            ,4777,-23.49485141,-46.50830764
66192,1519,Furto (art. 155),2016,8,OSASCO                                  ,RUA ÁGUAS DE SÃO PEDRO                  ,252,-23.51321966,-46.77646815
181230,3346,Roubo (art. 157),2016,8,FRANCISCO MORATO                        ,RUA VIRGÍLIO MARTINS DE OLIVEIRA        ,650,-23.28078235,-46.7494217
670231,1332,Furto (art. 155),2016,5,S.PAULO                                 ,AVENIDA OTAVIANO ALVES DE LIMA          ,1824,-23.51334639,-46.67362508
273759,501,"Furto qualificado (art. 155, §4o.)",2016,3,S.PAULO                                 ,RUA DO GLICERIO                         ,10,-23.55270939,-46.62748196
654908,438,Roubo (art. 157),2016,3,S.PAULO                                 ,RUA EURIPEDES                           ,104,-23.65713764,-46.63755253
608302,8047,"Furto qualificado (art. 155, §4o.)",2016,8,S.PAULO                                 ,AVENIDA BARAO DE ALAGOAS                ,251,-23.49840501,-46.39592573
649885,945389,Roubo (art. 157),2016,7,S.PAULO                                 ,RUA JOSE ALVES DOS SANTOS               ,0,-23.53877265,-46.46163629
577013,269497,Roubo (art. 157),2016,2,S.PAULO                                 ,RUA TOSHIO YOSHIDA                      ,3,-23.48423781,-46.38036209
426631,1149,Furto (art. 155),2016,1,S.PAULO                                 ,RUA PROFESSOR DELGADO DE CARVALHO       ,118,-23.65460672,-46.7000823
768825,6497,Roubo (art. 157),2016,12,TABOAO DA SERRA                         ,RUA CHICÓ MENDES                        ,45,-23.62665467,-46.80875808
244542,4884,Lesão corporal (art. 129),2016,7,S.PAULO                                 ,RUA COMANDANTE TAYLOR                   ,800,-23.60127031,-46.59579903
331504,1063472,Roubo (art. 157),2016,8,S.ANDRE                                 ,RUA CISPLATINA                          ,100,-23.67308337,-46.51032215
252071,4012,"Furto qualificado (art. 155, §4o.)",2016,12,S.PAULO                                 ,RUA LAUDELINO DE ABREU                  ,251,-23.57170667,-46.75548643
471885,1652,Roubo (art. 157),2016,4,POA                                     ,RUA GUARAPARI                           ,0,-23.51534092,-46.33458534
705324,314042,Roubo (art. 157),2016,3,S.PAULO                                 ,AVENIDA FLAMINGO                        ,1402,-23.51839855,-46.41833701
100155,2182,Lesão corporal (art 129 § 9º),2016,9,S.PAULO                                 ,RUA ISABEL DE OLIVEIRA                  ,12,-23.72487979,-46.785739899999996
304610,31485,Furto (art. 155),2016,10,GUARULHOS                               ,RUA PROFESSOR FERREIRA PAULINO          ,233,-23.48295893,-46.54511514
568297,18554,Furto (art. 155),2016,6,MOGI DAS CRUZES                         ,RUA VEREADOR JOSE SILVEIRA              ,517,-23.53544696,-46.19099059
182611,10201,Roubo (art. 157),2016,10,S.PAULO                                 ,RUA URBANO LOPES                        ,64,-23.48761744,-46.65775456
333140,202,Lesão corporal (art. 129),2016,2,S.PAULO                                 ,RUA FERNANDEZ CABALERO                  ,24,-23.4500879,-46.74456024
396626,1580637,Roubo (art. 157),2016,12,S.PAULO                                 ,AVENIDA CHICA LUISA                     ,0,-23.45361037,-46.75381309
533617,2919,Roubo (art. 157),2016,7,S.PAULO                                 ,AVENIDA DOUTOR ADOLPHO PINTO            ,109,-23.52968798,-46.66588873
187569,1175350,Roubo (art. 157),2016,9,S.PAULO                                 ,Rua Ângelo Jose Ribeiro                 ,149,-23.79217354,-46.73305357
601014,2222,Furto (art. 155),2016,6,ARUJA                                   ,RUA BAUXITA                             ,565,-23.39364582,-46.27480329
726817,1041256,Roubo (art. 157),2016,8,GUARULHOS                               ,RUA CLÁUDIO SÉRGIO BERE                 ,100,-23.49739424,-46.54877439
623626,5980,Lesão corporal culposa na direção de veículo automotor (Art. 303),2016,10,COTIA                                   ,RUA FRANCISCO P CAMARGO                 ,100,-23.69297493,-47.01849008
575011,10335,A.I.-Roubo (art. 157),2016,11,S.PAULO                                 ,RUA GEORGIA                             ,0,-23.60567111,-46.68398382
361372,4337,Furto (art. 155),2016,12,OSASCO                                  ,RUA TÊDA FIGUEIREDO REGA                ,70,-23.50233356,-46.80126047
552833,6602,Furto (art. 155),2016,7,S.PAULO                                 ,AVENIDA CANGAIBA                        ,200,-23.51931175,-46.54647141
