,id_ocorrencia,conduta,natureza_lesao,tipo_crime,uf,municipio,endereco,logradouro_sede,geolocalizacao,latitude,longitude
0,2,Operação policial - Repressão a manifestação,Crimes de abuso de autoridade (Lei 4.898/1965),Impedir ou cercear o direito de reunião,RIO DE JANEIRO,Rio de Janeiro,Câmara Municipal,Câmara Municipal,0101000020E6100000E013EB54F91546C0DC847B65DE8A36C0,-22.542456,-44.1716715
1,2,Operação policial - Repressão a manifestação,Crimes de abuso de autoridade (Lei 4.898/1965),Ameaçar a integridade física do indivíduo,RIO DE JANEIRO,Rio de Janeiro,Câmara Municipal,Câmara Municipal,0101000020E6100000E013EB54F91546C0DC847B65DE8A36C0,-22.542456,-44.1716715
2,4,Operação policial - Repressão a manifestação,Crimes de lesão corporal (CP),Lesão corporal grave,DISTRITO FEDERAL,Brasília,Esplanada dos Ministérios,Esplanada dos Ministérios,0101000020E6100000EC53E98255EF47C0B71F95078E982FC0,-15.7979586,-47.8697971
3,4,Operação policial - Repressão a manifestação,Crimes de abuso de autoridade (Lei 4.898/1965),Impedir ou cercear o direito de reunião,DISTRITO FEDERAL,Brasília,Esplanada dos Ministérios,Esplanada dos Ministérios,0101000020E6100000EC53E98255EF47C0B71F95078E982FC0,-15.7979586,-47.8697971
4,4,Operação policial - Repressão a manifestação,Crimes de abuso de autoridade (Lei 4.898/1965),Ameaçar a integridade física do indivíduo,DISTRITO FEDERAL,Brasília,Esplanada dos Ministérios,Esplanada dos Ministérios,0101000020E6100000EC53E98255EF47C0B71F95078E982FC0,-15.7979586,-47.8697971
5,7,Operação policial - Repressão a manifestação,Crimes de abuso de autoridade (Lei 4.898/1965),Impedir ou cercear o direito de reunião,PARANÁ,Curitiba,Teatro Ópera de Arame,Teatro Ópera de Arame,0101000020E6100000C88FBF0659A348C078E805E9736239C0,-25.384581150000002,-49.276154368911705
6,7,Operação policial - Repressão a manifestação,Crimes de abuso de autoridade (Lei 4.898/1965),Ameaçar a integridade física do indivíduo,PARANÁ,Curitiba,Teatro Ópera de Arame,Teatro Ópera de Arame,0101000020E6100000C88FBF0659A348C078E805E9736239C0,-25.384581150000002,-49.276154368911705
7,7,Operação policial - Repressão a manifestação,Crimes de lesão corporal (CP),Lesão corporal grave,PARANÁ,Curitiba,Teatro Ópera de Arame,Teatro Ópera de Arame,0101000020E6100000C88FBF0659A348C078E805E9736239C0,-25.384581150000002,-49.276154368911705
8,7,Operação policial - Repressão a manifestação,Crimes de lesão corporal (CP),Lesão corporal indeterminada,PARANÁ,Curitiba,Teatro Ópera de Arame,Teatro Ópera de Arame,0101000020E6100000C88FBF0659A348C078E805E9736239C0,-25.384581150000002,-49.276154368911705
9,12,Abordagem policial,Crimes contra a honra (CP),Injúria simples,SÃO PAULO,São Paulo,Rua da Consolação,Rua da Consolação,0101000020E6100000CF51A280485247C0F2DFCD64498C37C0,-23.5479949,-46.6428376
10,12,Abordagem policial,Crimes de abuso de autoridade (Lei 4.898/1965),Violação da liberdade de locomoção,SÃO PAULO,São Paulo,Rua da Consolação,Rua da Consolação,0101000020E6100000CF51A280485247C0F2DFCD64498C37C0,-23.5479949,-46.6428376
11,12,Abordagem policial,Crimes contra a liberdade pessoal (CP),Ameaça,SÃO PAULO,São Paulo,Rua da Consolação,Rua da Consolação,0101000020E6100000CF51A280485247C0F2DFCD64498C37C0,-23.5479949,-46.6428376
12,12,Abordagem policial,Crimes contra a liberdade sexual (CP),Assédio sexual,SÃO PAULO,São Paulo,Rua da Consolação,Rua da Consolação,0101000020E6100000CF51A280485247C0F2DFCD64498C37C0,-23.5479949,-46.6428376
13,12,Abordagem policial,Crimes de abuso de autoridade (Lei 4.898/1965),Encarceramento de forma ilegal ou com abuso de poder,SÃO PAULO,São Paulo,Rua da Consolação,Rua da Consolação,0101000020E6100000CF51A280485247C0F2DFCD64498C37C0,-23.5479949,-46.6428376
14,12,Abordagem policial,Crimes de lesão corporal (CP),Lesão corporal indeterminada,SÃO PAULO,São Paulo,Rua da Consolação,Rua da Consolação,0101000020E6100000CF51A280485247C0F2DFCD64498C37C0,-23.5479949,-46.6428376
15,18,Abordagem policial,Crimes contra a vida (CP),Homicídio qualificado,GOIAS,Goiânia,,,0101000020E61000002ECB321F6BA048C0616F62484EAE30C0,-16.680882,-49.2532691
16,18,Abordagem policial,Crimes contra a administração da justiça (CP),Fraude processual,GOIAS,Goiânia,,,0101000020E61000002ECB321F6BA048C0616F62484EAE30C0,-16.680882,-49.2532691
17,21,Abordagem policial,Crimes contra a liberdade pessoal (CP),Ameaça,SÃO PAULO,Sarapuí,Zona Rural,zona rural ,0101000020E610000019575C1C95E947C06BF12900C6A337C0,-23.63974,-47.824863
18,21,Abordagem policial,Crimes de abuso de autoridade (Lei 4.898/1965),Ofensa à honra ou ao patrimônio,SÃO PAULO,Sarapuí,Zona Rural,zona rural ,0101000020E610000019575C1C95E947C06BF12900C6A337C0,-23.63974,-47.824863
19,21,Abordagem policial,Crimes de lesão corporal (CP),Lesão corporal leve,SÃO PAULO,Sarapuí,Zona Rural,zona rural ,0101000020E610000019575C1C95E947C06BF12900C6A337C0,-23.63974,-47.824863
20,22,Operação policial - Repressão a manifestação,Crimes contra a liberdade pessoal (CP),Ameaça,SÃO PAULO,São Paulo,Avenida Paulista,Avenida Paulista,0101000020E6100000FAC4F0C7A35447C0B85C5892978E37C0,-23.5570003,-46.6612482
21,22,Operação policial - Repressão a manifestação,Crimes contra a honra (CP),Injúria racial ou qualificada,SÃO PAULO,São Paulo,Avenida Paulista,Avenida Paulista,0101000020E6100000FAC4F0C7A35447C0B85C5892978E37C0,-23.5570003,-46.6612482
22,24,Operação policial,Crimes contra a vida (CP),Homicídio qualificado,SÃO PAULO,Itu,Jardim Vitória,Jardim Vitória,0101000020E6100000FC15D79D935F47C0A5CCBC0B4A5937C0,-23.3487861,-46.7466924
23,24,Operação policial,Crimes de abuso de autoridade (Lei 4.898/1965),Violação de domicilio,SÃO PAULO,Itu,Jardim Vitória,Jardim Vitória,0101000020E6100000FC15D79D935F47C0A5CCBC0B4A5937C0,-23.3487861,-46.7466924
24,24,Operação policial,Crimes de abuso de autoridade (Lei 4.898/1965),Ameaçar a integridade física do indivíduo,SÃO PAULO,Itu,Jardim Vitória,Jardim Vitória,0101000020E6100000FC15D79D935F47C0A5CCBC0B4A5937C0,-23.3487861,-46.7466924
25,25,Operação policial - Repressão a manifestação,Crimes de abuso de autoridade (Lei 4.898/1965),Impedir ou cercear o direito de reunião,SÃO PAULO,São Paulo,Favela do Moinho,Favela do Moinho,0101000020E6100000179FDF6ED25247C03C6DE8C1388737C0,-23.5282098,-46.64704690855995
26,25,Operação policial,Crimes contra a administração da justiça (CP),Fraude processual,SÃO PAULO,São Paulo,Favela do Moinho,Favela do Moinho,0101000020E6100000179FDF6ED25247C03C6DE8C1388737C0,-23.5282098,-46.64704690855995
27,25,Operação policial,Crimes de tortura (Lei 9.455/1997),Tortura qualificada,SÃO PAULO,São Paulo,Favela do Moinho,Favela do Moinho,0101000020E6100000179FDF6ED25247C03C6DE8C1388737C0,-23.5282098,-46.64704690855995
28,25,Operação policial,Crimes de abuso de autoridade (Lei 4.898/1965),Ameaçar a integridade física do indivíduo,SÃO PAULO,São Paulo,Favela do Moinho,Favela do Moinho,0101000020E6100000179FDF6ED25247C03C6DE8C1388737C0,-23.5282098,-46.64704690855995
29,31,Operação policial,Crimes contra a administração em geral (CP),Prevaricação,SÃO PAULO,São Paulo,Centro,Centro ,0101000020E61000001FFA491009BB46C07A747EE59CED36C0,-22.9281753,-45.4612141
30,31,Operação policial,Crimes de abuso de autoridade (Lei 4.898/1965),Impedir ou cercear o livre exercício profissional,SÃO PAULO,São Paulo,Centro,Centro ,0101000020E61000001FFA491009BB46C07A747EE59CED36C0,-22.9281753,-45.4612141
31,31,Operação policial,Crimes de abuso de autoridade (Lei 4.898/1965),Ameaçar a integridade física do indivíduo,SÃO PAULO,São Paulo,Centro,Centro ,0101000020E61000001FFA491009BB46C07A747EE59CED36C0,-22.9281753,-45.4612141
32,31,Operação policial,Crimes de lesão corporal (CP),Lesão corporal indeterminada,SÃO PAULO,São Paulo,Centro,Centro ,0101000020E61000001FFA491009BB46C07A747EE59CED36C0,-22.9281753,-45.4612141
33,33,Operação policial,Crimes contra a liberdade pessoal (CP),Ameaça,SÃO PAULO,Campinas,Estádio Moisés Lucarelli,Estádio Moisés Lucarelli,0101000020E6100000AE62015F8E8647C035E4E9A6DEE936C0,-22.91355365,-47.051219821621416
34,33,Operação policial,Crimes contra a honra (CP),Injúria real,SÃO PAULO,Campinas,Estádio Moisés Lucarelli,Estádio Moisés Lucarelli,0101000020E6100000AE62015F8E8647C035E4E9A6DEE936C0,-22.91355365,-47.051219821621416
35,33,Operação policial,Crimes de lesão corporal (CP),Lesão corporal indeterminada,SÃO PAULO,Campinas,Estádio Moisés Lucarelli,Estádio Moisés Lucarelli,0101000020E6100000AE62015F8E8647C035E4E9A6DEE936C0,-22.91355365,-47.051219821621416
36,33,Operação policial,Crimes de abuso de autoridade (Lei 4.898/1965),Ameaçar a integridade física do indivíduo,SÃO PAULO,Campinas,Estádio Moisés Lucarelli,Estádio Moisés Lucarelli,0101000020E6100000AE62015F8E8647C035E4E9A6DEE936C0,-22.91355365,-47.051219821621416
37,35,Abordagem policial,Crimes de tortura (Lei 9.455/1997),Tortura qualificada,SÃO PAULO,Bauru,Mary Dota,Mary Dota,0101000020E61000004C6DA983BC8548C058A604696B4B36C0,-22.2946077,-49.0448155
38,37,Abordagem policial,Crimes contra a vida (CP),Morte decorrente de intervenção policial,SÃO PAULO,Ribeirão Preto,,,0101000020E61000002CA116DE40E747C02DCC423BA72D35C0,-21.178333,-47.8066671
39,38,Operação policial - Blitz,Crimes contra a vida (CP),Morte decorrente de intervenção policial,SÃO PAULO,Bauru,,,0101000020E6100000D805CDF8088948C0EC843C27625236C0,-22.3218102,-49.0705863
40,39,Operação policial,Crimes contra a vida (CP),Morte decorrente de intervenção policial,RIO DE JANEIRO,Rio de Janeiro,Morro da Providência,Morro da Providência,0101000020E610000039DD004E189945C0A6BADB508CE636C0,-22.90057855,-43.19605422060199
41,41,Abordagem policial,Crimes de lesão corporal (CP),Lesão corporal indeterminada,SÃO PAULO,São Paulo,Rua Bacopari,Rua Bacopari,0101000020E61000004210D6B5AC5C47C04F6331A0CD8A37C0,-23.5422001,-46.7240207
42,41,Abordagem policial,Crimes de lesão corporal (CP),Lesão corporal leve,SÃO PAULO,São Paulo,Rua Bacopari,Rua Bacopari,0101000020E61000004210D6B5AC5C47C04F6331A0CD8A37C0,-23.5422001,-46.7240207
43,46,Operação policial,Crimes contra a vida (CP),Homicídio qualificado,SÃO PAULO,São Paulo,São Miguel Paulista,São Miguel Paulista,0101000020E610000004456E271B3847C0C4B46FEEAF8037C0,-23.5026845,-46.43832867511995
44,49,Abordagem policial,Crimes de lesão corporal (CP),Lesão corporal leve,SÃO PAULO,Marília,Rua Delfim Moreira,Rua Delfim Moreira,0101000020E610000045D8F0F44AF948C0677DCA31593236C0,-22.1966735,-49.9476
45,49,Abordagem policial,Crimes de tortura (Lei 9.455/1997),Tortura qualificada,SÃO PAULO,Marília,Rua Delfim Moreira,Rua Delfim Moreira,0101000020E610000045D8F0F44AF948C0677DCA31593236C0,-22.1966735,-49.9476
46,49,Abordagem policial,Crimes de lesão corporal (CP),Lesão corporal leve,SÃO PAULO,Marília,Rua Delfim Moreira,Rua Delfim Moreira,0101000020E610000045D8F0F44AF948C0677DCA31593236C0,-22.1966735,-49.9476
47,52,Abordagem policial,Crimes de lesão corporal (CP),Lesão corporal indeterminada,SÃO PAULO,Ribeirão Preto,,,0101000020E61000002CA116DE40E747C02DCC423BA72D35C0,-21.178333,-47.8066671
48,53,Operação policial,Crimes contra a vida (CP),Homicídio qualificado,SÃO PAULO,São José do Rio Preto,,,0101000020E6100000405A52A4B1B048C086B7BD9305D034C0,-20.8125851,-49.3804212
49,54,Operação policial - Repressão a manifestação,Crimes de abuso de autoridade (Lei 4.898/1965),Impedir ou cercear o direito de reunião,SÃO PAULO,São Paulo,Terminal Sacomã,Terminal Sacomã - Região do Ipiranga,0101000020E6100000658C9456224D47C07AA97DDF649A37C0,-23.603101700000003,-46.6026104188284
50,54,Operação policial - Repressão a manifestação,Crimes de abuso de autoridade (Lei 4.898/1965),Ameaçar a integridade física do indivíduo,SÃO PAULO,São Paulo,Terminal Sacomã,Terminal Sacomã - Região do Ipiranga,0101000020E6100000658C9456224D47C07AA97DDF649A37C0,-23.603101700000003,-46.6026104188284
51,55,Abordagem policial,Crimes contra a vida (CP),Morte decorrente de intervenção policial,SÃO PAULO,Hortolândia,Centro,Centro de Hortolândia,0101000020E6100000CA86DADBD29B47C0C670D0B936DD36C0,-22.8641163,-47.2173724
52,59,Abordagem policial,Crimes contra a vida (CP),Morte decorrente de intervenção policial,SÃO PAULO,Ferraz de Vasconcelos,,Ferraz de Vasconcelos,0101000020E6100000F8CF89F3262F47C0A8CEFE9B728A37C0,-23.5408113,-46.3683762
53,62,Abordagem policial,Crimes de abuso de autoridade (Lei 4.898/1965),Encarceramento de forma ilegal ou com abuso de poder,SÃO PAULO,Santa Bárbara D'Oeste,Centro ,Centro ,0101000020E61000000BBE1F6DD2B447C07FC575E7E4C036C0,-22.7534928,-47.4126717
54,62,Abordagem policial,Crimes contra a honra (CP),Injúria racial ou qualificada,SÃO PAULO,Santa Bárbara D'Oeste,Centro ,Centro ,0101000020E61000000BBE1F6DD2B447C07FC575E7E4C036C0,-22.7534928,-47.4126717
55,62,Abordagem policial,Crimes de lesão corporal (CP),Lesão corporal leve,SÃO PAULO,Santa Bárbara D'Oeste,Centro ,Centro ,0101000020E61000000BBE1F6DD2B447C07FC575E7E4C036C0,-22.7534928,-47.4126717
56,62,Abordagem policial,Crimes de abuso de autoridade (Lei 4.898/1965),Ameaçar a integridade física do indivíduo,SÃO PAULO,Santa Bárbara D'Oeste,Centro ,Centro ,0101000020E61000000BBE1F6DD2B447C07FC575E7E4C036C0,-22.7534928,-47.4126717
57,63,Operação policial,Crimes contra a paz pública (CP),Constituição de milícia privada,SÃO PAULO,Guarulhos,Rua México,Rua México,0101000020E6100000F65A75C2F03A47C05FEA8C94D27037C0,-23.4407132,-46.4604724
58,63,Operação policial,Crimes contra a vida (CP),Homicídio qualificado,SÃO PAULO,Guarulhos,Rua México,Rua México,0101000020E6100000F65A75C2F03A47C05FEA8C94D27037C0,-23.4407132,-46.4604724
59,64,Abordagem policial,Crimes contra a administração da justiça (CP),Fraude processual,SÃO PAULO,São Paulo,,,0101000020E610000056EEAAAC125147C0FE04BC71F78C37C0,-23.5506507,-46.6333824
60,64,Abordagem policial,Crimes contra a vida (CP),Homicídio qualificado,SÃO PAULO,São Paulo,,,0101000020E610000056EEAAAC125147C0FE04BC71F78C37C0,-23.5506507,-46.6333824
61,65,Abordagem policial,Crimes contra a vida (CP),Homicídio qualificado,SÃO PAULO,Guarujá,Vicente de Carvalho,Vicente de Carvalho,0101000020E61000007CBB71192A2347C0E068C70DBFF337C0,-23.952134,-46.274722271474246
62,65,Abordagem policial,Crimes contra a paz pública (CP),Constituição de milícia privada,SÃO PAULO,Guarujá,Vicente de Carvalho,Vicente de Carvalho,0101000020E61000007CBB71192A2347C0E068C70DBFF337C0,-23.952134,-46.274722271474246
63,69,Abordagem policial,Crimes de abuso de autoridade (Lei 4.898/1965),Ameaçar a integridade física do indivíduo,SÃO PAULO,São Paulo,Estação Pinheiros,Estação Pinheiros,0101000020E61000005A2327B8FD5947C07C1BAC49019137C0,-23.5664259,-46.7030554
64,69,Abordagem policial,Crimes de lesão corporal (CP),Lesão corporal indeterminada,SÃO PAULO,São Paulo,Estação Pinheiros,Estação Pinheiros,0101000020E61000005A2327B8FD5947C07C1BAC49019137C0,-23.5664259,-46.7030554
65,70,Abordagem policial – Perseguição,Crimes contra a administração em geral (CP),Prevaricação,SÃO PAULO,Santa Bárbara D'Oeste,Mollon 4,Mollon 4,0101000020E6100000451559C6E1AE47C03BB9F0CD80C036C0,-22.7519654,-47.3662651
66,70,Abordagem policial – Perseguição,Crimes de abuso de autoridade (Lei 4.898/1965),Ameaçar a integridade física do indivíduo,SÃO PAULO,Santa Bárbara D'Oeste,Mollon 4,Mollon 4,0101000020E6100000451559C6E1AE47C03BB9F0CD80C036C0,-22.7519654,-47.3662651
67,70,Abordagem policial – Perseguição,Crimes de lesão corporal (CP),Lesão corporal indeterminada,SÃO PAULO,Santa Bárbara D'Oeste,Mollon 4,Mollon 4,0101000020E6100000451559C6E1AE47C03BB9F0CD80C036C0,-22.7519654,-47.3662651
68,72,Abordagem policial – Perseguição,Crimes contra a vida (CP),Morte decorrente de intervenção policial,SÃO PAULO,São Paulo,Avenida Adélia Chohfi ,Avenida Adélia Chohfi ,0101000020E61000002480F67EFE3C47C0849ECDAACF9D37C0,-23.61645,-46.4765166
69,72,Abordagem policial – Perseguição,Crimes de lesão corporal (CP),Lesão corporal indeterminada,SÃO PAULO,São Paulo,Avenida Adélia Chohfi ,Avenida Adélia Chohfi ,0101000020E61000002480F67EFE3C47C0849ECDAACF9D37C0,-23.61645,-46.4765166
70,73,Abordagem policial,Crimes contra a honra (CP),Injúria real,SÃO PAULO,Americana,Avenida Paschoal Ardito,Avenida Paschoal Ardito,0101000020E61000007391312DA0A847C066CFAFF72CBB36C0,-22.7311549,-47.3173882
71,73,Abordagem policial,Crimes de abuso de autoridade (Lei 4.898/1965),Ofensa à honra ou ao patrimônio,SÃO PAULO,Americana,Avenida Paschoal Ardito,Avenida Paschoal Ardito,0101000020E61000007391312DA0A847C066CFAFF72CBB36C0,-22.7311549,-47.3173882
72,73,Abordagem policial,Crimes contra a liberdade pessoal (CP),Ameaça,SÃO PAULO,Americana,Avenida Paschoal Ardito,Avenida Paschoal Ardito,0101000020E61000007391312DA0A847C066CFAFF72CBB36C0,-22.7311549,-47.3173882
73,73,Abordagem policial,Crimes de abuso de autoridade (Lei 4.898/1965),Ameaçar a integridade física do indivíduo,SÃO PAULO,Americana,Avenida Paschoal Ardito,Avenida Paschoal Ardito,0101000020E61000007391312DA0A847C066CFAFF72CBB36C0,-22.7311549,-47.3173882
74,77,Operação policial,Crimes contra a vida (CP),Homicídio culposo,SÃO PAULO,Caraguatatuba,,,0101000020E610000094A46B26DFB446C0E65C8AABCA9E37C0,-23.62028,-45.41306
75,79,Abordagem policial,Crimes de lesão corporal (CP),Lesão corporal indeterminada,SÃO PAULO,Franca,"Rua Irênio Grecco, Parque São Jorge","Rua Irênio Grecco, no Parque São Jorge",0101000020E61000000630C099F3B347C0E034D82F338534C0,-20.5203123,-47.4058716
76,79,Abordagem policial,Crimes de abuso de autoridade (Lei 4.898/1965),Ameaçar a integridade física do indivíduo,SÃO PAULO,Franca,"Rua Irênio Grecco, Parque São Jorge","Rua Irênio Grecco, no Parque São Jorge",0101000020E61000000630C099F3B347C0E034D82F338534C0,-20.5203123,-47.4058716
77,81,Abordagem policial,Crimes contra a liberdade pessoal (CP),Ameaça,SÃO PAULO,São Paulo,Jardim Santa Maria,Jardim Santa Maria.,0101000020E6100000A04FE449D26747C07A19C5724B9537C0,-23.5831825,-46.811105
78,81,Abordagem policial,Crimes contra a vida (CP),Homicídio qualificado,SÃO PAULO,São Paulo,Jardim Santa Maria,Jardim Santa Maria.,0101000020E6100000A04FE449D26747C07A19C5724B9537C0,-23.5831825,-46.811105
79,82,Abordagem policial,Crimes contra a vida (CP),Homicídio simples,SÃO PAULO,São Paulo,Capão Redondo,Capão Redondo ,0101000020E61000004816358AC46347C0ED180DCF01AC37C0,-23.6719026,-46.779435420915036
80,84,Abordagem policial – Perseguição,Crimes contra a vida (CP),Homicídio qualificado,SÃO PAULO,Guarulhos,Vila Flórida ,Vila Flórida ,0101000020E6100000A136058DF44147C07A1FA22CD77237C0,-23.4485958,-46.5152756
81,87,Operação policial,Crimes de abuso de autoridade (Lei 4.898/1965),Ameaçar a integridade física do indivíduo,SÃO PAULO,Diadema,Jardim Inamar,"Jardim Inamar, Diadema",0101000020E6100000C20CC448795047C0D6C56D3480B537C0,-23.7089875,-46.62870130131479
82,87,Operação policial,Crimes de lesão corporal (CP),Lesão corporal indeterminada,SÃO PAULO,Diadema,Jardim Inamar,"Jardim Inamar, Diadema",0101000020E6100000C20CC448795047C0D6C56D3480B537C0,-23.7089875,-46.62870130131479
83,90,Abordagem policial,Crimes de lesão corporal (CP),Lesão corporal grave,SÃO PAULO,Jacareí,,,0101000020E610000072BF4351A0FB46C0751F80D4264E37C0,-23.30528,-45.96583
84,90,Abordagem policial,Crimes de lesão corporal (CP),Lesão corporal indeterminada,SÃO PAULO,Jacareí,,,0101000020E610000072BF4351A0FB46C0751F80D4264E37C0,-23.30528,-45.96583
85,90,Abordagem policial,Crimes de abuso de autoridade (Lei 4.898/1965),Ameaçar a integridade física do indivíduo,SÃO PAULO,Jacareí,,,0101000020E610000072BF4351A0FB46C0751F80D4264E37C0,-23.30528,-45.96583
86,92,Abordagem policial,Crimes contra a vida (CP),Homicídio qualificado,SÃO PAULO,Brotas,Estação ferroviária,Estação ferroviária em Brotas. ,0101000020E6100000858496CEE03F43C0429EB87768F529C0,-12.97931265,-38.49904806470389
87,92,Abordagem policial,Crimes contra a administração da justiça (CP),Fraude processual,SÃO PAULO,Brotas,Estação ferroviária,Estação ferroviária em Brotas. ,0101000020E6100000858496CEE03F43C0429EB87768F529C0,-12.97931265,-38.49904806470389
88,96,Abordagem policial – Perseguição,Crimes de lesão corporal (CP),Lesão corporal gravíssima,SÃO PAULO,São Paulo,Vila Madalena,Vila Madalena,0101000020E610000046FCD4C2765847C06C68B922E78B37C0,-23.5464956,-46.6911243
89,99,Abordagem policial – Perseguição,Crimes contra a vida (CP),Morte decorrente de intervenção policial,SÃO PAULO,São Bernardo do Campo,Rodovia Anchieta,Km 23 da Anchieta,0101000020E610000018A18E7D7F4647C0201B92A4B5B937C0,-23.7254279,-46.5507657
90,101,Abordagem policial,Crimes contra a vida (CP),Morte decorrente de intervenção policial,SÃO PAULO,Campinas,Avenida Presidente Juscelino,Avenida Presidente Juscelino,0101000020E61000004C76C7BD548C47C07B63AD461BEE36C0,-22.9301037,-47.0963361
91,107,Abordagem policial,Crimes de abuso de autoridade (Lei 4.898/1965),Humilhar ou intimidar pessoas sob a guarda ou custódia do Estado,SÃO PAULO,Marília,,,0101000020E61000006F9EEA909BF948C031B3CF63943736C0,-22.217108,-49.95006
92,107,Abordagem policial,Crimes de abuso de autoridade (Lei 4.898/1965),Encarceramento de forma ilegal ou com abuso de poder,SÃO PAULO,Marília,,,0101000020E61000006F9EEA909BF948C031B3CF63943736C0,-22.217108,-49.95006
93,107,Abordagem policial,Crimes contra a administração em geral (CP),Prevaricação,SÃO PAULO,Marília,,,0101000020E61000006F9EEA909BF948C031B3CF63943736C0,-22.217108,-49.95006
94,117,Abordagem policial,Crimes contra a vida (CP),Homicídio qualificado,SÃO PAULO,Rio das Pedras,,,0101000020E6100000DCAB45FAA3CD47C065B7859D18D836C0,-22.8441256,-47.6065667
95,121,Abordagem policial,Crimes de abuso de autoridade (Lei 4.898/1965),Ameaçar a integridade física do indivíduo,SÃO PAULO,São Paulo,Avenida Marquês de São Vicente,Avenida Marquês de São Vicente,0101000020E6100000FCC74274085547C0D7338463968537C0,-23.521826,-46.6643205
96,121,Abordagem policial,Crimes contra a honra (CP),Injúria real,SÃO PAULO,São Paulo,Avenida Marquês de São Vicente,Avenida Marquês de São Vicente,0101000020E6100000FCC74274085547C0D7338463968537C0,-23.521826,-46.6643205
97,123,Abordagem policial – Perseguição,Crimes contra a vida (CP),Morte decorrente de intervenção policial,SÃO PAULO,Araraquara,Centro,Região Central,0101000020E610000028A2BA14B21648C037CBC05CE6C935C0,-21.7886713,-48.1773096
98,126,Abordagem policial – Perseguição,Crimes de lesão corporal (CP),Lesão corporal indeterminada,SÃO PAULO,Lençóis Paulista,,,0101000020E6100000D35BF22ECD6648C0295371885D9A36C0,-22.6029897,-48.8031367
99,130,Abordagem policial,Crimes de lesão corporal (CP),Lesão corporal leve,SÃO PAULO,Sumaré,,,0101000020E61000008ECC237F30A247C075F8B53F61D236C0,-22.8217964,-47.267105
100,134,Operação policial,Crimes contra a vida (CP),Homicídio qualificado,SÃO PAULO,Sumaré,Matão,Região do Matão - Sumaré,0101000020E61000003409281E619447C0FB62A538FDD736C0,-22.8437076,-47.1592138
101,137,Abordagem policial,Crimes contra a vida (CP),Homicídio simples,SÃO PAULO,São Paulo,,,0101000020E610000056EEAAAC125147C0FE04BC71F78C37C0,-23.5506507,-46.6333824
102,144,Abordagem policial,Crimes contra a vida (CP),Homicídio qualificado,SÃO PAULO,São Paulo,Capão Redondo,Capão Redondo,0101000020E61000004816358AC46347C0ED180DCF01AC37C0,-23.6719026,-46.779435420915036
103,144,Abordagem policial,Crimes contra a vida (CP),Homicídio simples,SÃO PAULO,São Paulo,Capão Redondo,Capão Redondo,0101000020E61000004816358AC46347C0ED180DCF01AC37C0,-23.6719026,-46.779435420915036
104,146,Abordagem policial – Perseguição,Crimes contra a vida (CP),Morte decorrente de intervenção policial,SÃO PAULO,Lençóis Paulista,"Rua Pedro Antônio Ramirez, 21","Rua Pedro Antônio Ramirez, 21",0101000020E6100000E32A604C446448C0B19B638A839736C0,-22.5918509,-48.7833343
105,152,Abordagem policial,Crimes contra a vida (CP),Morte decorrente de intervenção policial,SÃO PAULO,Catanduva,,,0101000020E6100000055A70F5527C48C0AF7B2B12132235C0,-21.1331035,-48.9712817
106,155,Abordagem policial,Crimes de lesão corporal (CP),Lesão corporal indeterminada,SÃO PAULO,São José do Rio Preto,,,0101000020E6100000405A52A4B1B048C086B7BD9305D034C0,-20.8125851,-49.3804212
107,160,Abordagem policial – Perseguição,Crimes de lesão corporal (CP),Lesão corporal indeterminada,SÃO PAULO,Araras,,Araras,0101000020E610000012667F4523B147C0E6E1A9EC605B36C0,-22.3569477,-47.3838889
108,163,Abordagem policial,Crimes contra a honra (CP),Injúria simples,SÃO PAULO,Praia Grande,,,0101000020E61000002EC6C03A8E3347C0D13C80457E0138C0,-24.005833,-46.402778
109,163,Abordagem policial,Crimes de abuso de autoridade (Lei 4.898/1965),Humilhar ou intimidar pessoas sob a guarda ou custódia do Estado,SÃO PAULO,Praia Grande,,,0101000020E61000002EC6C03A8E3347C0D13C80457E0138C0,-24.005833,-46.402778
110,168,Operação policial,Crimes de lesão corporal (CP),Lesão corporal indeterminada,SÃO PAULO,Mauá,,,0101000020E6100000BEE8E1BA183B47C0997A8269BDAA37C0,-23.6669527,-46.4616922
111,168,Operação policial,Crimes de abuso de autoridade (Lei 4.898/1965),Ameaçar a integridade física do indivíduo,SÃO PAULO,Mauá,,,0101000020E6100000BEE8E1BA183B47C0997A8269BDAA37C0,-23.6669527,-46.4616922
112,171,Abordagem policial,Crimes contra a vida (CP),Homicídio qualificado,SÃO PAULO,Suzano,,,0101000020E6100000B7685C93C92747C018C9C3E7F38A37C0,-23.5427842,-46.3108391
113,172,Abordagem policial,Crimes contra a vida (CP),Homicídio qualificado,SÃO PAULO,Guarulhos,Pimentas,Pimentas,0101000020E6100000C48139693E3547C04A0A2C80297537C0,-23.4576645,-46.41596713359789
114,175,Abordagem policial,Crimes contra a vida (CP),Homicídio qualificado,SÃO PAULO,São Paulo,Parque do Carmo, Parque do Carmo,0101000020E610000048DE3994A13A47C052ED7838269437C0,-23.5787082,-46.458056
115,176,Abordagem policial,Crimes contra a administração em geral (CP),Prevaricação,SÃO PAULO,Nova Luzitânia,,,0101000020E610000067AFE364872149C0E85322E417DB34C0,-20.8558333,-50.2619444
116,176,Abordagem policial,Crimes de lesão corporal (CP),Lesão corporal indeterminada,SÃO PAULO,Nova Luzitânia,,,0101000020E610000067AFE364872149C0E85322E417DB34C0,-20.8558333,-50.2619444
117,176,Abordagem policial,Crimes de abuso de autoridade (Lei 4.898/1965),Encarceramento de forma ilegal ou com abuso de poder,SÃO PAULO,Nova Luzitânia,,,0101000020E610000067AFE364872149C0E85322E417DB34C0,-20.8558333,-50.2619444
118,178,Operação policial - Reintegração de posse,Crimes de abuso de autoridade (Lei 4.898/1965),Ameaçar a integridade física do indivíduo,SÃO PAULO,São Paulo,"Rua Tabatinguera, Centro","Rua Tabatinguera, Centro.",0101000020E6100000FE7E315BB25047C0F585EBAC718D37C0,-23.5525158,-46.630443
119,178,Operação policial - Reintegração de posse,Crimes de abuso de autoridade (Lei 4.898/1965),Encarceramento de forma ilegal ou com abuso de poder,SÃO PAULO,São Paulo,"Rua Tabatinguera, Centro","Rua Tabatinguera, Centro.",0101000020E6100000FE7E315BB25047C0F585EBAC718D37C0,-23.5525158,-46.630443
120,183,Abordagem policial,Crimes de abuso de autoridade (Lei 4.898/1965),Encarceramento de forma ilegal ou com abuso de poder,SÃO PAULO,Americana,"Rua Fernando de Camargo, Centro","Rua Fernando de Camargo, no Centro.",0101000020E6100000A5F44C2F31AA47C0477364E597BD36C0,-22.740599,-47.329626
121,183,Abordagem policial,Crimes contra a honra (CP),Injúria real,SÃO PAULO,Americana,"Rua Fernando de Camargo, Centro","Rua Fernando de Camargo, no Centro.",0101000020E6100000A5F44C2F31AA47C0477364E597BD36C0,-22.740599,-47.329626
122,183,Abordagem policial,Crimes de lesão corporal (CP),Lesão corporal indeterminada,SÃO PAULO,Americana,"Rua Fernando de Camargo, Centro","Rua Fernando de Camargo, no Centro.",0101000020E6100000A5F44C2F31AA47C0477364E597BD36C0,-22.740599,-47.329626
123,183,Abordagem policial,Crimes de abuso de autoridade (Lei 4.898/1965),Ameaçar a integridade física do indivíduo,SÃO PAULO,Americana,"Rua Fernando de Camargo, Centro","Rua Fernando de Camargo, no Centro.",0101000020E6100000A5F44C2F31AA47C0477364E597BD36C0,-22.740599,-47.329626
124,185,Operação policial,Crimes de abuso de autoridade (Lei 4.898/1965),Ameaçar a integridade física do indivíduo,SÃO PAULO,São Paulo,Rua Giuseppe Marino,Rua Giuseppe Marino.,0101000020E6100000432A7B01AC4747C05C4299A14C8437C0,-23.5167943,-46.5599367
125,185,Operação policial,Crimes contra a vida (CP),Homicídio qualificado,SÃO PAULO,São Paulo,Rua Giuseppe Marino,Rua Giuseppe Marino.,0101000020E6100000432A7B01AC4747C05C4299A14C8437C0,-23.5167943,-46.5599367
126,185,Operação policial,Crimes de periclitação da vida e da saúde (CP),Omissão de socorro,SÃO PAULO,São Paulo,Rua Giuseppe Marino,Rua Giuseppe Marino.,0101000020E6100000432A7B01AC4747C05C4299A14C8437C0,-23.5167943,-46.5599367
127,189,Abordagem policial,Crimes contra a liberdade pessoal (CP),Ameaça,SÃO PAULO,Barra Bonita,,,0101000020E61000008D60E3FA774748C080F277EFA87D36C0,-22.490859,-48.558349
128,189,Abordagem policial,Crimes de abuso de autoridade (Lei 4.898/1965),Humilhar ou intimidar pessoas sob a guarda ou custódia do Estado,SÃO PAULO,Barra Bonita,,,0101000020E61000008D60E3FA774748C080F277EFA87D36C0,-22.490859,-48.558349
129,190,Operação policial - Repressão a manifestação,Crimes de abuso de autoridade (Lei 4.898/1965),Ameaçar a integridade física do indivíduo,SÃO PAULO,Campinas,Palácio dos Jequitibás, Palácio dos Jequitibás,0101000020E6100000CE801904558747C072497ABDA0E636C0,-22.9008902,-47.05728198285361
130,190,Operação policial - Repressão a manifestação,Crimes de abuso de autoridade (Lei 4.898/1965),Impedir ou cercear o direito de reunião,SÃO PAULO,Campinas,Palácio dos Jequitibás, Palácio dos Jequitibás,0101000020E6100000CE801904558747C072497ABDA0E636C0,-22.9008902,-47.05728198285361
131,193,Abordagem policial,Crimes contra a vida (CP),Homicídio simples,SÃO PAULO,Taboão da Serra,BR-116,BR-116,0101000020E61000000E9EAE939F5F47C075E4EDADED9837C0,-23.5973767,-46.7470574
132,195,Abordagem policial,Crimes de abuso de autoridade (Lei 4.898/1965),Impedir ou cercear o livre exercício profissional,SÃO PAULO,São Paulo,,,0101000020E610000056EEAAAC125147C0FE04BC71F78C37C0,-23.5506507,-46.6333824
133,195,Abordagem policial,Crimes de abuso de autoridade (Lei 4.898/1965),Encarceramento de forma ilegal ou com abuso de poder,SÃO PAULO,São Paulo,,,0101000020E610000056EEAAAC125147C0FE04BC71F78C37C0,-23.5506507,-46.6333824
134,195,Abordagem policial,Crimes de abuso de autoridade (Lei 4.898/1965),Ameaçar a integridade física do indivíduo,SÃO PAULO,São Paulo,,,0101000020E610000056EEAAAC125147C0FE04BC71F78C37C0,-23.5506507,-46.6333824
135,195,Abordagem policial,Crimes contra a administração em geral (CP),Prevaricação,SÃO PAULO,São Paulo,,,0101000020E610000056EEAAAC125147C0FE04BC71F78C37C0,-23.5506507,-46.6333824
136,199,Operação policial,Crimes contra a vida (CP),Morte decorrente de intervenção policial,SÃO PAULO,Poá,,,0101000020E6100000E0E69EBF1A2C47C0F8664062608637C0,-23.5249082,-46.3445663
137,201,Abordagem policial – Perseguição,Crimes de lesão corporal (CP),Lesão corporal indeterminada,SÃO PAULO,Campinas,Sumaré,Sumaré - Região Metropolitana de Campinas,0101000020E61000008ECC237F30A247C075F8B53F61D236C0,-22.8217964,-47.267105
138,203,Abordagem policial,Crimes de abuso de autoridade (Lei 4.898/1965),Violação de domicilio,SÃO PAULO,Sorocaba,,,0101000020E610000048DE3994A1BA47C0817B9E3F6D8037C0,-23.501667,-47.458056
139,203,Abordagem policial,Crimes contra a honra (CP),Injúria real,SÃO PAULO,Sorocaba,,,0101000020E610000048DE3994A1BA47C0817B9E3F6D8037C0,-23.501667,-47.458056
140,203,Abordagem policial,Crimes de dano (CP),Destruir ou inutilizar coisa alheia,SÃO PAULO,Sorocaba,,,0101000020E610000048DE3994A1BA47C0817B9E3F6D8037C0,-23.501667,-47.458056
141,203,Abordagem policial,Crimes de lesão corporal (CP),Lesão corporal indeterminada,SÃO PAULO,Sorocaba,,,0101000020E610000048DE3994A1BA47C0817B9E3F6D8037C0,-23.501667,-47.458056
142,207,Abordagem policial,Crimes de lesão corporal (CP),Lesão corporal gravíssima,SÃO PAULO,São Paulo,São Miguel Paulista, São Miguel Paulista,0101000020E610000004456E271B3847C0C4B46FEEAF8037C0,-23.5026845,-46.43832867511995
143,209,Abordagem policial,Crimes contra a vida (CP),Homicídio qualificado,SÃO PAULO,Salto de Pirapora,,,0101000020E61000009791D50858C947C01484E11236A637C0,-23.6492626,-47.5729991
144,215,Abordagem policial,Crimes de tortura (Lei 9.455/1997),Uso de violência ou grave ameaça que cause sofrimento/castigue/coaja pessoa sob custódia do Estado,SÃO PAULO,Bauru,,,0101000020E6100000D805CDF8088948C0EC843C27625236C0,-22.3218102,-49.0705863
145,217,Abordagem policial,Crimes contra a honra (CP),Injúria real,SÃO PAULO,Sorocaba,Brigadeiro Tobias, Brigadeiro Tobias,0101000020E6100000A35BAFE941AF47C084BC1E4C8A8337C0,-23.513829,-47.369199
146,217,Abordagem policial,Crimes contra a administração em geral (CP),Peculato,SÃO PAULO,Sorocaba,Brigadeiro Tobias, Brigadeiro Tobias,0101000020E6100000A35BAFE941AF47C084BC1E4C8A8337C0,-23.513829,-47.369199
147,217,Abordagem policial,Crimes de abuso de autoridade (Lei 4.898/1965),Humilhar ou intimidar pessoas sob a guarda ou custódia do Estado,SÃO PAULO,Sorocaba,Brigadeiro Tobias, Brigadeiro Tobias,0101000020E6100000A35BAFE941AF47C084BC1E4C8A8337C0,-23.513829,-47.369199
148,218,Abordagem policial,Crimes de abuso de autoridade (Lei 4.898/1965),Ameaçar a integridade física do indivíduo,SÃO PAULO,Hortolândia,Vila Real,Vila Real,0101000020E6100000CFD5FB32BD9C47C04070F0E082DB36C0,-22.8574658,-47.2245239
149,218,Abordagem policial,Crimes contra a administração em geral (CP),Corrupção passiva,SÃO PAULO,Hortolândia,Vila Real,Vila Real,0101000020E6100000CFD5FB32BD9C47C04070F0E082DB36C0,-22.8574658,-47.2245239
150,226,Abordagem policial,Crimes contra a vida (CP),Morte decorrente de intervenção policial,SÃO PAULO,Guarulhos,Rodovia Dutra, rodovia Dutra,0101000020E61000009AB2D30FEA3347C037EFEEB72C6D37C0,-23.4264636,-46.4055805
151,227,Abordagem policial,Crimes contra a vida (CP),Morte decorrente de intervenção policial,SÃO PAULO,São José do Rio Preto,Avenida Potirendaba,avenida Potirendaba,0101000020E6100000E3A430EF71AF48C0B136C64E78D734C0,-20.8416795,-49.3706645
152,227,Abordagem policial,Crimes de lesão corporal (CP),Lesão corporal indeterminada,SÃO PAULO,São José do Rio Preto,Avenida Potirendaba,avenida Potirendaba,0101000020E6100000E3A430EF71AF48C0B136C64E78D734C0,-20.8416795,-49.3706645
153,228,Abordagem policial,Crimes contra a administração em geral (CP),Concussão,SÃO PAULO,São Paulo,,,0101000020E610000056EEAAAC125147C0FE04BC71F78C37C0,-23.5506507,-46.6333824
154,228,Abordagem policial,Crimes contra a liberdade pessoal (CP),Sequestro e cárcere privado,SÃO PAULO,São Paulo,,,0101000020E610000056EEAAAC125147C0FE04BC71F78C37C0,-23.5506507,-46.6333824
155,230,Abordagem policial,Crimes contra a vida (CP),Homicídio qualificado,SÃO PAULO,Itaquaquecetuba,Jardim Patrícia,"Jardim Patrícia, ",0101000020E61000006BAD799FF42C47C07B4908FB1B6D37C0,-23.4262082,-46.3512153
156,234,Operação policial - Repressão ao direito de reunião,Crimes contra a vida (CP),Homicídio simples,SÃO PAULO,Guarulhos,Rua dos Policiais,Rua dos Policiais,0101000020E6100000A653686A233247C0ABC5F18D327A37C0,-23.4773339,-46.3917058
157,236,Abordagem policial,Crimes contra a vida (CP),Homicídio simples,SÃO PAULO,Santo André,Vila Floresta ,Vila Floresta ,0101000020E61000009546CCECF34547C0341C85DA25AC37C0,-23.6724526,-46.5465065
158,236,Abordagem policial,Crimes de lesão corporal (CP),Lesão corporal grave,SÃO PAULO,Santo André,Vila Floresta ,Vila Floresta ,0101000020E61000009546CCECF34547C0341C85DA25AC37C0,-23.6724526,-46.5465065
159,242,Abordagem policial,Crimes de lesão corporal (CP),Lesão corporal indeterminada,SÃO PAULO,Mauá,Jardim Itapark,Jardim Itapark,0101000020E61000004F7A3AB24D3747C02C09F59958AD37C0,-23.6771332,-46.4320586
160,245,Abordagem policial – Perseguição,Crimes de lesão corporal (CP),Lesão corporal indeterminada,SÃO PAULO,Piracicaba,Rodovia Geraldo de Barros,Rodovia Geraldo de Barros - SP-304,0101000020E6100000B823F7CF2ED547C0446F4CAA11B136C0,-22.6916758,-47.6654911
161,250,Abordagem policial,Crimes de abuso de autoridade (Lei 4.898/1965),Ameaçar a integridade física do indivíduo,SÃO PAULO,São José dos Campos,,São José dos Campos,0101000020E6100000AAEE3614EBFA46C04C1DE4F5602737C0,-23.153823250000002,-45.960299040625
162,251,Abordagem policial,Crimes de abuso de autoridade (Lei 4.898/1965),Ameaçar a integridade física do indivíduo,SÃO PAULO,Piratininga,,,0101000020E6100000C14FC1864C9148C03EF08C11E46936C0,-22.4136363,-49.1351479
163,252,Abordagem policial,Crimes contra a vida (CP),Morte decorrente de intervenção policial,SÃO PAULO,Cotia,,,0101000020E6100000BBD39D279E7547C0056A3178989A37C0,-23.603889,-46.918889
164,257,Operação policial,Crimes contra a vida (CP),Homicídio qualificado,SÃO PAULO,Carapicuíba,Rodoanel Mário Covas,Rodoanel Mário Covas,0101000020E61000004ACBED03356147C0B8DFEBB5EA6E37C0,-23.4332689,-46.7594304
165,260,Abordagem policial,Crimes contra a vida (CP),Homicídio simples,SÃO PAULO,São Paulo,Zona Norte,Zona Norte,0101000020E61000009F443AF2F64747C0B2E20ADE467937C0,-23.4737376,-46.5622237
166,262,Atuação do Poder Judiciário,Crimes de abuso de autoridade (Lei 4.898/1965),Ameaçar a integridade física do indivíduo,SÃO PAULO,São José do Rio Preto,Fórum de Rio Preto, Fórum de Rio Preto,0101000020E6100000641519B9E9B048C0E45828E329D034C0,-20.813139149999998,-49.38213266110213
167,262,Atuação do Poder Judiciário,Crimes contra a honra (CP),Injúria simples,SÃO PAULO,São José do Rio Preto,Fórum de Rio Preto, Fórum de Rio Preto,0101000020E6100000641519B9E9B048C0E45828E329D034C0,-20.813139149999998,-49.38213266110213
168,265,Abordagem policial – Perseguição,Crimes contra a vida (CP),Morte decorrente de intervenção policial,SÃO PAULO,São Paulo,Jardim Panamericano,Jardim Panamericano,0101000020E6100000BADE1CA6635D47C0889A8D3ADF7337C0,-23.45262495,-46.729603542420094
169,268,Abordagem policial,Crimes contra a vida (CP),Homicídio simples,SÃO PAULO,São Paulo,Santo Amaro,Santo Amaro,0101000020E61000008F05E0FA0B5C47C0EF247DB5FEA737C0,-23.6562303,-46.7191156
170,269,Abordagem policial,Crimes contra a honra (CP),Injúria real,SÃO PAULO,São Paulo,Freguesia do Ó, Freguesia do Ó,0101000020E6100000D9F45613FA5847C08DFD1B6ACA7C37C0,-23.4874636,-46.6951317
171,269,Abordagem policial,Crimes de abuso de autoridade (Lei 4.898/1965),Ofensa à honra ou ao patrimônio,SÃO PAULO,São Paulo,Freguesia do Ó, Freguesia do Ó,0101000020E6100000D9F45613FA5847C08DFD1B6ACA7C37C0,-23.4874636,-46.6951317
172,280,Abordagem policial,Crimes contra a vida (CP),Morte decorrente de intervenção policial,SÃO PAULO,São Paulo,Centro,região central,0101000020E6100000FC8846A64C7447C085FF2084CDE535C0,-21.897667177253897,-46.90858915752503
173,287,Abordagem policial,Crimes contra a administração da justiça (CP),Denunciar crime contra pessoa que sabe ser inocente,SÃO PAULO,São Paulo,Zona Leste, zona leste ,0101000020E6100000CAF0E9FBBAAE47C0C9A4D0C31ABE36C0,-22.7425959,-47.3650813
174,287,Abordagem policial,Crimes de abuso de autoridade (Lei 4.898/1965),Encarceramento de forma ilegal ou com abuso de poder,SÃO PAULO,São Paulo,Zona Leste, zona leste ,0101000020E6100000CAF0E9FBBAAE47C0C9A4D0C31ABE36C0,-22.7425959,-47.3650813
175,287,Abordagem policial,Crimes contra a liberdade sexual (CP),Estupro,SÃO PAULO,São Paulo,Zona Leste, zona leste ,0101000020E6100000CAF0E9FBBAAE47C0C9A4D0C31ABE36C0,-22.7425959,-47.3650813
176,288,Operação policial,Crimes de perigo comum (CP),Explosão,SÃO PAULO,Ribeirão Preto,,,0101000020E61000002CA116DE40E747C02DCC423BA72D35C0,-21.178333,-47.8066671
177,290,Abordagem policial,Crimes contra a vida (CP),Homicídio qualificado,SÃO PAULO,Lavínia,,,0101000020E6100000E6DF7888908549C02142B7F2ED2A35C0,-21.1676933,-51.0434733
178,293,Abordagem policial,Crimes contra a vida (CP),Morte decorrente de intervenção policial,SÃO PAULO,Itaquaquecetuba,Rua Oscar Ferreira dos Santos," Rua Oscar Ferreira dos Santos, na região central ",0101000020E6100000FF2268CC242D47C0D9B11188D77937C0,-23.475945,-46.3526855
179,301,Abordagem policial,Crimes contra a vida (CP),Morte decorrente de intervenção policial,SÃO PAULO,Franco da Rocha,,,0101000020E6100000E8DB82A5BA5C47C00AFC3CA1325537C0,-23.3328038,-46.724446
180,306,Operação policial - Infiltração de agente,Crimes de tortura (Lei 9.455/1997),Constrangimento com emprego de violência ou grave ameaça que causa sofrimento físico ou mental,SÃO PAULO,Mauá,Casa Abrigo Mauá,Casa Abrigo Mauá,0101000020E6100000E40EF1350F3E47C08ADF5EE3449837C0,-23.594801150000002,-46.48483919401568
181,306,Operação policial - Infiltração de agente,Abuso de autoridade do ECA (Lei 8.069/1990),Humilhar ou intimidar criança ou adolescente,SÃO PAULO,Mauá,Casa Abrigo Mauá,Casa Abrigo Mauá,0101000020E6100000E40EF1350F3E47C08ADF5EE3449837C0,-23.594801150000002,-46.48483919401568
182,313,Operação policial,Crimes contra a vida (CP),Morte decorrente de intervenção policial,SÃO PAULO,São Paulo,"Rua Cenno Sbrighi, 595, Água Branca"," Rua Cenno Sbrighi, 595, na região da Água Branca",0101000020E61000000B79A97DDF5847C0D6C4025FD18337C0,-23.5149135,-46.6943204
183,315,Operação policial,Crimes contra a liberdade pessoal (CP),Ameaça,SÃO PAULO,São Paulo,,,0101000020E610000056EEAAAC125147C0FE04BC71F78C37C0,-23.5506507,-46.6333824
184,322,Abordagem policial,Crimes contra a administração em geral (CP),Concussão,SÃO PAULO,Franca,Delegacia de Policia de Franca,Delegacia de Policia de Franca,0101000020E6100000F48E5374A4BD47C03E9E4C929D4234C0,-20.26021685,-47.481581250000005
185,324,Abordagem policial – Perseguição,Crimes contra a vida (CP),Morte decorrente de intervenção policial,SÃO PAULO,Osasco,Jardim Rochdale,Jardim Rochdale - Osasco,0101000020E610000042E1FD028B6347C08A2540A8E68137C0,-23.5074258,-46.7776798
186,326,Abordagem policial,Crimes contra a vida (CP),Morte decorrente de intervenção policial,SÃO PAULO,Campinas,"Rua Moscou, Parque São Quirino",Rua Moscou - Parque São Quirino,0101000020E6100000CE209969568447C0FEF96CD38EDD36C0,-22.8654606,-47.0338871
187,330,Abordagem policial,Crimes de abuso de autoridade (Lei 4.898/1965),Humilhar ou intimidar pessoas sob a guarda ou custódia do Estado,SÃO PAULO,São José do Rio Preto,,,0101000020E6100000405A52A4B1B048C086B7BD9305D034C0,-20.8125851,-49.3804212
188,331,Abordagem policial,Crimes contra a vida (CP),Morte decorrente de intervenção policial,SÃO PAULO,Bragança Paulista,,,0101000020E61000003607639F5B4547C00186E5CFB7F336C0,-22.9520235,-46.5418586
189,336,Abordagem policial,Crimes contra a vida (CP),Morte decorrente de intervenção policial,SÃO PAULO,Carapicuíba,Vila Capriotti, Vila Capriotti,0101000020E6100000DBC51C13346B47C0C6A70018CF8C37C0,-23.550035,-46.837526692437415
190,338,Abordagem policial,Crimes contra a liberdade pessoal (CP),Ameaça,SÃO PAULO,São Paulo,Jardim Aeroporto,Jardim Aeroporto,0101000020E6100000DC645419C61B47C01DECA8C53B8F37C0,-23.5595058,-46.216983
191,338,Abordagem policial,Crimes de abuso de autoridade (Lei 4.898/1965),Ameaçar a integridade física do indivíduo,SÃO PAULO,São Paulo,Jardim Aeroporto,Jardim Aeroporto,0101000020E6100000DC645419C61B47C01DECA8C53B8F37C0,-23.5595058,-46.216983
192,343,Abordagem policial,Crimes contra a vida (CP),Morte decorrente de intervenção policial,SÃO PAULO,Poá,Jardim Júlia,Jardim Júlia,0101000020E61000007FCEEEDAEF2B47C03B545392758637C0,-23.5252315,-46.3432573
193,345,Operação policial,Crimes contra a vida (CP),Morte decorrente de intervenção policial,SÃO PAULO,São Paulo,Santo Amaro,Santo Amaro,0101000020E61000008F05E0FA0B5C47C0EF247DB5FEA737C0,-23.6562303,-46.7191156
194,346,Operação policial,Crimes contra a vida (CP),Morte decorrente de intervenção policial,SÃO PAULO,São Paulo,,,0101000020E610000056EEAAAC125147C0FE04BC71F78C37C0,-23.5506507,-46.6333824
195,347,Abordagem policial,Crimes contra a vida (CP),Morte decorrente de intervenção policial,SÃO PAULO,Guarulhos,,,0101000020E6100000E38BF678214347C0C328AD646C7137C0,-23.4430602,-46.524459
196,348,Abordagem policial,Crimes contra a vida (CP),Morte decorrente de intervenção policial,SÃO PAULO,São Paulo,Parelheiros,Parelheiros,0101000020E610000011F2B67ED55D47C0164B917C25D337C0,-23.82479075,-46.73307784970178
197,349,Abordagem policial,Crimes contra a vida (CP),Morte decorrente de intervenção policial,SÃO PAULO,São Paulo,Itaquera,Itaquera,0101000020E61000008BC0FD254E3A47C0FF8A46883C8937C0,-23.5360799,-46.4555099
198,350,Abordagem policial,Crimes contra a vida (CP),Morte decorrente de intervenção policial,SÃO PAULO,Caçapava,,,0101000020E6100000C616821C94DA46C0E4A1EF6E651937C0,-23.099204,-45.707645
199,352,Operação policial,Crimes contra a vida (CP),Morte decorrente de intervenção policial,SÃO PAULO,São Paulo,"Hotel Cristal, Rua Dom Francisco de Souza",Hotel Cristal - Rua Dom Francisco de Souza,0101000020E6100000DD4A0A87395147C08146448C328A37C0,-23.5398338,-46.6345681
200,353,Abordagem policial,Crimes contra a vida (CP),Morte decorrente de intervenção policial,SÃO PAULO,Penápolis,,,0101000020E61000004A1CC3ADCC0949C0C9271A5A536B35C0,-21.4192406,-50.0765588
201,355,Abordagem policial – Perseguição,Crimes contra a vida (CP),Morte decorrente de intervenção policial,SÃO PAULO,São Paulo,,,0101000020E610000056EEAAAC125147C0FE04BC71F78C37C0,-23.5506507,-46.6333824
202,356,Abordagem policial – Perseguição,Crimes contra a vida (CP),Morte decorrente de intervenção policial,SÃO PAULO,São Paulo,,,0101000020E610000056EEAAAC125147C0FE04BC71F78C37C0,-23.5506507,-46.6333824
203,357,Abordagem policial – Perseguição,Crimes contra a vida (CP),Morte decorrente de intervenção policial,SÃO PAULO,Araçoiaba da Serra,,,0101000020E6100000FA53F4D1F3CE47C0BB213251298137C0,-23.5045367,-47.6168158
204,358,Abordagem policial – Perseguição,Crimes de lesão corporal (CP),Lesão corporal indeterminada,SÃO PAULO,São Carlos,,,0101000020E6100000DD7A4D0F0AF247C00AD1C6B6B10436C0,-22.0183367,-47.890932
205,359,Abordagem policial,Crimes de lesão corporal (CP),Lesão corporal indeterminada,SÃO PAULO,Alvinlândia,,,0101000020E61000001B310E89D6E148C03B12D495747136C0,-22.4431852,-49.7643596
206,359,Abordagem policial,Crimes de abuso de autoridade (Lei 4.898/1965),Encarceramento de forma ilegal ou com abuso de poder,SÃO PAULO,Alvinlândia,,,0101000020E61000001B310E89D6E148C03B12D495747136C0,-22.4431852,-49.7643596
207,359,Abordagem policial,Crimes de abuso de autoridade (Lei 4.898/1965),Ameaçar a integridade física do indivíduo,SÃO PAULO,Alvinlândia,,,0101000020E61000001B310E89D6E148C03B12D495747136C0,-22.4431852,-49.7643596
208,360,Abordagem policial – Perseguição,Crimes de lesão corporal (CP),Lesão corporal indeterminada,SÃO PAULO,Jarinu,,,0101000020E6100000E88C83A6805B47C0017B96314F1837C0,-23.0949584,-46.7148636
209,360,Abordagem policial – Perseguição,Crimes contra a vida (CP),Morte decorrente de intervenção policial,SÃO PAULO,Jarinu,,,0101000020E6100000E88C83A6805B47C0017B96314F1837C0,-23.0949584,-46.7148636
210,362,Abordagem policial,Crimes de lesão corporal (CP),Lesão corporal indeterminada,SÃO PAULO,Itu,,,0101000020E61000009D84D21742A647C017FABBD28D4337C0,-23.2638828,-47.298892
211,364,Operação policial - Repressão a manifestação,Crimes de lesão corporal (CP),Lesão corporal indeterminada,SÃO PAULO,Santo André,Centro Universitário Fundação Santo André,Centro Universitário Fundação Santo André,0101000020E6100000BA2B77C0ED4647C0A67455455DA937C0,-23.661579449999998,-46.55413060969245
212,364,Operação policial - Repressão a manifestação,Crimes de abuso de autoridade (Lei 4.898/1965),Impedir ou cercear o direito de reunião,SÃO PAULO,Santo André,Centro Universitário Fundação Santo André,Centro Universitário Fundação Santo André,0101000020E6100000BA2B77C0ED4647C0A67455455DA937C0,-23.661579449999998,-46.55413060969245
213,364,Operação policial - Repressão a manifestação,Crimes de abuso de autoridade (Lei 4.898/1965),Ameaçar a integridade física do indivíduo,SÃO PAULO,Santo André,Centro Universitário Fundação Santo André,Centro Universitário Fundação Santo André,0101000020E6100000BA2B77C0ED4647C0A67455455DA937C0,-23.661579449999998,-46.55413060969245
214,365,Abordagem policial,Crimes de lesão corporal (CP),Lesão corporal indeterminada,SÃO PAULO,Jundiaí,Rodovia Dom Pedro I,Rodovia Dom Pedro I,0101000020E61000009CCF6F4EDB6D47C094DE927769F436C0,-22.9547343,-46.8582552
215,365,Abordagem policial,Crimes contra a vida (CP),Morte decorrente de intervenção policial,SÃO PAULO,Jundiaí,Rodovia Dom Pedro I,Rodovia Dom Pedro I,0101000020E61000009CCF6F4EDB6D47C094DE927769F436C0,-22.9547343,-46.8582552
216,366,Abordagem policial – Perseguição,Crimes de lesão corporal (CP),Lesão corporal gravíssima,SÃO PAULO,Araraquara,Avenida Cristóvão Colombo ,Avenida Cristóvão Colombo ,0101000020E6100000DFF2A2C04C1848C05BA09394AAC935C0,-21.7877591,-48.1898423
217,366,Abordagem policial – Perseguição,Crimes de lesão corporal (CP),Lesão corporal indeterminada,SÃO PAULO,Araraquara,Avenida Cristóvão Colombo ,Avenida Cristóvão Colombo ,0101000020E6100000DFF2A2C04C1848C05BA09394AAC935C0,-21.7877591,-48.1898423
218,367,Abordagem policial,Crimes contra a vida (CP),Morte decorrente de intervenção policial,SÃO PAULO,São José do Rio Preto,,,0101000020E6100000405A52A4B1B048C086B7BD9305D034C0,-20.8125851,-49.3804212
219,367,Abordagem policial,Crimes de abuso de autoridade (Lei 4.898/1965),Ameaçar a integridade física do indivíduo,SÃO PAULO,São José do Rio Preto,,,0101000020E6100000405A52A4B1B048C086B7BD9305D034C0,-20.8125851,-49.3804212
220,368,Operação policial,Crimes de lesão corporal (CP),Lesão corporal leve,SÃO PAULO,Mirandópolis,Penitenciária Nestor Canoa,Penitenciária Nestor Canoa,0101000020E610000032790461978E49C0DEBFC3FEFC2635C0,-21.1522979,-51.11399471968106
221,369,Operação policial,Crimes de abuso de autoridade (Lei 4.898/1965),Impedir ou cercear o livre exercício profissional,SÃO PAULO,Campinas,Terminal Central,Terminal Central,0101000020E6100000321E6C28FE8747C000B9B365AFE836C0,-22.90892635,-47.062443783561676
222,369,Operação policial,Crimes de abuso de autoridade (Lei 4.898/1965),Ameaçar a integridade física do indivíduo,SÃO PAULO,Campinas,Terminal Central,Terminal Central,0101000020E6100000321E6C28FE8747C000B9B365AFE836C0,-22.90892635,-47.062443783561676
223,369,Operação policial,Crimes de lesão corporal (CP),Lesão corporal indeterminada,SÃO PAULO,Campinas,Terminal Central,Terminal Central,0101000020E6100000321E6C28FE8747C000B9B365AFE836C0,-22.90892635,-47.062443783561676
224,370,Abordagem policial,Crimes contra a vida (CP),Morte decorrente de intervenção policial,SÃO PAULO,Itaquaquecetuba,Centro,Centro,0101000020E6100000AD8CA1F7212D47C05184D4EDEC7937C0,-23.4762715,-46.3525991
225,374,Abordagem policial,Crimes de abuso de autoridade (Lei 4.898/1965),Ameaçar a integridade física do indivíduo,BAHIA,Salvador,,cidade Salvador,0101000020E6100000EB13229CCC291EC0D6D63ED381F04240,37.878961950000004,-7.540819587306923
226,374,Abordagem policial,Crimes contra a honra (CP),Injúria real,BAHIA,Salvador,,cidade Salvador,0101000020E6100000EB13229CCC291EC0D6D63ED381F04240,37.878961950000004,-7.540819587306923
227,374,Abordagem policial,Crimes de abuso de autoridade (Lei 4.898/1965),Encarceramento de forma ilegal ou com abuso de poder,BAHIA,Salvador,,cidade Salvador,0101000020E6100000EB13229CCC291EC0D6D63ED381F04240,37.878961950000004,-7.540819587306923
228,375,Abordagem policial,Crimes contra a vida (CP),Morte decorrente de intervenção policial,SÃO PAULO,Itaquaquecetuba,Centro,Centro,0101000020E6100000AD8CA1F7212D47C05184D4EDEC7937C0,-23.4762715,-46.3525991
229,377,Abordagem policial – Perseguição,Crimes de lesão corporal (CP),Lesão corporal indeterminada,SÃO PAULO,Campinas,Avenida John Boyd Dunlop,Avenida John Boyd Dunlop,0101000020E6100000188DC6EB0B9447C0765C435F30F036C0,-22.9382381,-47.1566138
230,378,Operação policial,Crimes de abuso de autoridade (Lei 4.898/1965),Ameaçar a integridade física do indivíduo,SÃO PAULO,São Paulo,,,0101000020E610000056EEAAAC125147C0FE04BC71F78C37C0,-23.5506507,-46.6333824
231,378,Operação policial,Crimes contra a vida (CP),Homicídio qualificado,SÃO PAULO,São Paulo,,,0101000020E610000056EEAAAC125147C0FE04BC71F78C37C0,-23.5506507,-46.6333824
232,381,Abordagem policial – Perseguição,Crimes de lesão corporal (CP),Lesão corporal indeterminada,SÃO PAULO,Pirassununga,,,0101000020E6100000A4AF7B86CBB647C0A1E0BDFE7FFF35C0,-21.9980468,-47.4280861
233,382,Abordagem policial,Crimes contra a vida (CP),Morte decorrente de intervenção policial,SÃO PAULO,São Paulo,,,0101000020E610000056EEAAAC125147C0FE04BC71F78C37C0,-23.5506507,-46.6333824
234,387,Operação policial,Crimes contra a vida (CP),Homicídio qualificado,SÃO PAULO,São Paulo,,,0101000020E610000056EEAAAC125147C0FE04BC71F78C37C0,-23.5506507,-46.6333824
235,388,Atuação do Poder Judiciário,Crimes contra a honra (CP),Injúria simples,SÃO PAULO,São José do Rio Preto,,,0101000020E6100000405A52A4B1B048C086B7BD9305D034C0,-20.8125851,-49.3804212
236,388,Atuação do Poder Judiciário,Crimes de abuso de autoridade (Lei 4.898/1965),Ameaçar a integridade física do indivíduo,SÃO PAULO,São José do Rio Preto,,,0101000020E6100000405A52A4B1B048C086B7BD9305D034C0,-20.8125851,-49.3804212
237,395,Abordagem policial,Crimes contra a vida (CP),Morte decorrente de intervenção policial,SÃO PAULO,Pariquera-Açu,Centro,Centro,0101000020E610000019219793ABF047C0C44E67DDF5B638C0,-24.7146891,-47.8802361
238,399,Abordagem policial – Perseguição,Crimes contra a vida (CP),Morte decorrente de intervenção policial,SÃO PAULO,Campinas,,,0101000020E6100000CF4E0647C98747C0D690B8C7D2E736C0,-22.90556,-47.06083
239,400,Abordagem policial,Crimes contra a liberdade sexual (CP),Estupro,SÃO PAULO,São Paulo,,,0101000020E610000056EEAAAC125147C0FE04BC71F78C37C0,-23.5506507,-46.6333824
240,400,Abordagem policial,Crimes contra a administração da justiça (CP),Denunciar crime contra pessoa que sabe ser inocente,SÃO PAULO,São Paulo,,,0101000020E610000056EEAAAC125147C0FE04BC71F78C37C0,-23.5506507,-46.6333824
241,401,Abordagem policial,Crimes de abuso de autoridade (Lei 4.898/1965),Violação de domicilio,SÃO PAULO,Campinas,,,0101000020E6100000CF4E0647C98747C0D690B8C7D2E736C0,-22.90556,-47.06083
242,401,Abordagem policial,Crimes contra a liberdade pessoal (CP),Ameaça,SÃO PAULO,Campinas,,,0101000020E6100000CF4E0647C98747C0D690B8C7D2E736C0,-22.90556,-47.06083
243,402,Abordagem policial – Perseguição,Crimes contra a vida (CP),Morte decorrente de intervenção policial,SÃO PAULO,Jundiaí,,,0101000020E6100000DEF41DB2377147C04CEC9051543037C0,-23.1887866,-46.8845122
244,403,Abordagem policial,Crimes contra a vida (CP),Morte decorrente de intervenção policial,SÃO PAULO,São Paulo,Alameda Barão de Limeira,Alameda Barão de Limeira - Centro,0101000020E61000007B771A1F1C5347C00A08F7144A8837C0,-23.5323804,-46.6492957
245,404,Operação policial - Repressão a manifestação,Crimes de abuso de autoridade (Lei 4.898/1965),Impedir ou cercear o direito de reunião,SÃO PAULO,São Paulo,"Rua 25 de Março, Centro","Rua 25 de Março, centro",0101000020E61000004D6E6F12DE8D47C0051555BFD2E936C0,-22.913372,-47.1083396
246,404,Operação policial - Repressão a manifestação,Crimes de abuso de autoridade (Lei 4.898/1965),Impedir ou cercear o direito de reunião,SÃO PAULO,São Paulo,"Rua 25 de Março, Centro","Rua 25 de Março, centro",0101000020E61000004D6E6F12DE8D47C0051555BFD2E936C0,-22.913372,-47.1083396
247,404,Operação policial - Repressão a manifestação,Crimes de lesão corporal (CP),Lesão corporal leve,SÃO PAULO,São Paulo,"Rua 25 de Março, Centro","Rua 25 de Março, centro",0101000020E61000004D6E6F12DE8D47C0051555BFD2E936C0,-22.913372,-47.1083396
248,404,Operação policial - Repressão a manifestação,Crimes de abuso de autoridade (Lei 4.898/1965),Impedir ou cercear o direito de reunião,SÃO PAULO,São Paulo,"Rua 25 de Março, Centro","Rua 25 de Março, centro",0101000020E61000004D6E6F12DE8D47C0051555BFD2E936C0,-22.913372,-47.1083396
249,406,Abordagem policial,Crimes contra a vida (CP),Homicídio culposo,SÃO PAULO,São Paulo,,,0101000020E610000056EEAAAC125147C0FE04BC71F78C37C0,-23.5506507,-46.6333824
250,406,Abordagem policial,Crimes contra a vida (CP),Homicídio culposo,SÃO PAULO,São Paulo,,,0101000020E610000056EEAAAC125147C0FE04BC71F78C37C0,-23.5506507,-46.6333824
251,406,Abordagem policial,Crimes contra a vida (CP),Homicídio culposo,SÃO PAULO,São Paulo,,,0101000020E610000056EEAAAC125147C0FE04BC71F78C37C0,-23.5506507,-46.6333824
252,407,Abordagem policial,Crimes contra a vida (CP),Morte decorrente de intervenção policial,SÃO PAULO,Taboão da Serra,,,0101000020E61000001F29C709B86347C025E6FE8FB89C37C0,-23.6121912,-46.7790539
253,408,Abordagem policial,Crimes contra a vida (CP),Morte decorrente de intervenção policial,SÃO PAULO,Jundiaí,Rua Bom Jesus de Pirapora, rua Bom Jesus de Pirapora,0101000020E6100000D08BC9D1D27047C0773469AE2E3637C0,-23.2116498,-46.8814337
254,418,Abordagem policial,Crimes de tortura (Lei 9.455/1997),Uso de violência ou grave ameaça que cause sofrimento/castigue/coaja pessoa sob custódia do Estado,SÃO PAULO,Santo André,,,0101000020E610000037A4F6C7204447C076DEC66647A837C0,-23.6573395,-46.5322504
255,419,Abordagem policial,Crimes de abuso de autoridade (Lei 4.898/1965),Encarceramento de forma ilegal ou com abuso de poder,SÃO PAULO,Rancharia,,,0101000020E61000007AF365B3347249C080FE3163C03A36C0,-22.2294981,-50.8922333
256,419,Abordagem policial,Crimes de lesão corporal (CP),Lesão corporal indeterminada,SÃO PAULO,Rancharia,,,0101000020E61000007AF365B3347249C080FE3163C03A36C0,-22.2294981,-50.8922333
257,419,Abordagem policial,Crimes contra a liberdade pessoal (CP),Ameaça,SÃO PAULO,Rancharia,,,0101000020E61000007AF365B3347249C080FE3163C03A36C0,-22.2294981,-50.8922333
258,420,Operação policial - Blitz,Crimes contra a honra (CP),Injúria simples,SÃO PAULO,Lençóis Paulista,,,0101000020E6100000D35BF22ECD6648C0295371885D9A36C0,-22.6029897,-48.8031367
259,420,Operação policial - Blitz,Crimes de abuso de autoridade (Lei 4.898/1965),Ameaçar a integridade física do indivíduo,SÃO PAULO,Lençóis Paulista,,,0101000020E6100000D35BF22ECD6648C0295371885D9A36C0,-22.6029897,-48.8031367
260,421,Abordagem policial – Perseguição,Crimes de lesão corporal (CP),Lesão corporal indeterminada,SÃO PAULO,Barueri,,,0101000020E6100000411B6FE12F7047C00B1D8535DF8237C0,-23.5112184,-46.8764612
261,424,Operação policial,Crimes de abuso de autoridade (Lei 4.898/1965),Impedir ou cercear o livre exercício profissional,SÃO PAULO,São Bernardo do Campo,Terminal Rodoviário Ferrazópolis,Terminal Rodoviário Ferrazópolis,0101000020E61000004FB1A7EF874647C053D9661998B837C0,-23.72107085,-46.551023442155035
262,424,Operação policial,Crimes de abuso de autoridade (Lei 4.898/1965),Ameaçar a integridade física do indivíduo,SÃO PAULO,São Bernardo do Campo,Terminal Rodoviário Ferrazópolis,Terminal Rodoviário Ferrazópolis,0101000020E61000004FB1A7EF874647C053D9661998B837C0,-23.72107085,-46.551023442155035
263,425,Operação policial,Crimes de lesão corporal (CP),Lesão corporal indeterminada,SÃO PAULO,Brotas,Rodovia Engenheiro Paulo Nilo Romano,Rodovia Engenheiro Paulo Nilo Romano (SP-225),0101000020E6100000637891AE3E0B48C021BC2CDCA84A36C0,-22.2916391,-48.0878504
264,428,Operação policial,Crimes contra a administração em geral (CP),Concussão,SÃO PAULO,Campinas,,,0101000020E6100000CF4E0647C98747C0D690B8C7D2E736C0,-22.90556,-47.06083
265,428,Operação policial,Crimes de abuso de autoridade (Lei 4.898/1965),Violação de domicilio,SÃO PAULO,Campinas,,,0101000020E6100000CF4E0647C98747C0D690B8C7D2E736C0,-22.90556,-47.06083
266,428,Operação policial,Crimes de tortura (Lei 9.455/1997),Uso de violência ou grave ameaça que cause sofrimento/castigue/coaja pessoa sob custódia do Estado,SÃO PAULO,Campinas,,,0101000020E6100000CF4E0647C98747C0D690B8C7D2E736C0,-22.90556,-47.06083
267,429,Abordagem policial – Perseguição,Crimes de lesão corporal (CP),Lesão corporal indeterminada,SÃO PAULO,São Paulo,Avenida dos Bandeirantes,Avenida dos Bandeirantes,0101000020E61000004388D0AD7CC546C0E3B732F2C30637C0,-23.0264274,-45.5428674
268,430,Abordagem policial,Crimes de lesão corporal (CP),Lesão corporal indeterminada,SÃO PAULO,Dourado,,,0101000020E61000000A9BA674552848C0E0FB766DCA1C36C0,-22.1124638,-48.3151079
269,430,Abordagem policial,Crimes contra a vida (CP),Morte decorrente de intervenção policial,SÃO PAULO,Dourado,,,0101000020E61000000A9BA674552848C0E0FB766DCA1C36C0,-22.1124638,-48.3151079
270,435,Abordagem policial,Crimes contra a vida (CP),Morte decorrente de intervenção policial,SÃO PAULO,Jundiaí,Jardim Ermida,Jardim Ermida,0101000020E61000005555C3D9087E47C0CE154ACBED2D37C0,-23.1794097,-46.9846451
271,440,Abordagem policial,Crimes de abuso de autoridade (Lei 4.898/1965),Ameaçar a integridade física do indivíduo,SÃO PAULO,Santa Bárbara D'Oeste,Jardim Pérola,Jardim Pérola,0101000020E6100000ADC502BA8AAF47C01ED896A6ADBE36C0,-22.7448372,-47.3714211
272,441,Abordagem policial,Crimes de abuso de autoridade (Lei 4.898/1965),Ameaçar a integridade física do indivíduo,SÃO PAULO,São José do Rio Preto,Avenida Anísio Haddad,Avenida Anísio Haddad,0101000020E6100000A7E1009FC4B348C0981EA8AED7D934C0,-20.8509473,-49.4044379
273,442,Abordagem policial,Crimes de abuso de autoridade (Lei 4.898/1965),Ameaçar a integridade física do indivíduo,SÃO PAULO,São José do Rio Preto,Vila Toninho,Vila Toninho,0101000020E6100000CD34064257AB48C0DB98E83DDFD834C0,-20.8471564,-49.3386004
274,442,Abordagem policial,Crimes de lesão corporal (CP),Lesão corporal indeterminada,SÃO PAULO,São José do Rio Preto,Vila Toninho,Vila Toninho,0101000020E6100000CD34064257AB48C0DB98E83DDFD834C0,-20.8471564,-49.3386004
275,442,Abordagem policial,Crimes de abuso de autoridade (Lei 4.898/1965),Encarceramento de forma ilegal ou com abuso de poder,SÃO PAULO,São José do Rio Preto,Vila Toninho,Vila Toninho,0101000020E6100000CD34064257AB48C0DB98E83DDFD834C0,-20.8471564,-49.3386004
276,443,Abordagem policial,Crimes contra a vida (CP),Homicídio qualificado,SÃO PAULO,Alto Alegre,,,0101000020E61000003B5684F6451549C0FF55ECD4019535C0,-21.5820592,-50.1661976
277,444,Operação policial,Crime de extorsão (CP),Chantagem (extorsão),SÃO PAULO,Campinas,,,0101000020E6100000CF4E0647C98747C0D690B8C7D2E736C0,-22.90556,-47.06083
278,444,Operação policial,Crimes de tortura (Lei 9.455/1997),Tortura qualificada,SÃO PAULO,Campinas,,,0101000020E6100000CF4E0647C98747C0D690B8C7D2E736C0,-22.90556,-47.06083
279,444,Operação policial,Crimes contra a administração em geral (CP),Concussão,SÃO PAULO,Campinas,,,0101000020E6100000CF4E0647C98747C0D690B8C7D2E736C0,-22.90556,-47.06083
280,445,Abordagem policial,Crimes de lesão corporal (CP),Lesão corporal indeterminada,SÃO PAULO,São Paulo,"Rua Gastão Vidigal, Vila Leopoldina",Rua Gastão Vidigal - Vila Leopoldina,0101000020E6100000B17B3C3E6B6C47C0B5615E91A98837C0,-23.5338374,-46.8470228
281,447,Abordagem policial,Crimes contra a vida (CP),Homicídio qualificado,SÃO PAULO,Cotia,,,0101000020E6100000BBD39D279E7547C0056A3178989A37C0,-23.603889,-46.918889
282,449,Operação policial,Crimes contra a vida (CP),Morte decorrente de intervenção policial,SÃO PAULO,Osasco,Prefeitura de Osasco,Prefeitura de Osasco,0101000020E61000008870B3EFFC6247C0635A400D848A37C0,-23.54107745,-46.773344004265766
283,450,Abordagem policial,Crimes contra a vida (CP),Morte decorrente de intervenção policial,SÃO PAULO,São Paulo,"São Miguel Paulista, Jardim Helena","São Miguel Paulista, Jardim Helena",0101000020E610000004456E271B3847C0C4B46FEEAF8037C0,-23.5026845,-46.43832867511995
284,451,Abordagem policial,Crimes contra a vida (CP),Morte decorrente de intervenção policial,SÃO PAULO,São Paulo,Casa Verde,Casa Verde,0101000020E6100000AA3AF37DB95347C012A62897C67F37C0,-23.499124000000002,-46.65409826637672
285,453,Abordagem policial,Crimes de abuso de autoridade (Lei 4.898/1965),Cerceamento à liberdade de associação,AMAZONAS,Anamã,,,0101000020E61000005072E206D7B34EC0919D126B4CA30CC0,-3.5797356,-61.4049996
286,454,Abordagem policial,Crimes de lesão corporal (CP),Lesão corporal leve,PERNAMBUCO,Dormentes,,escola,0101000020E6100000A983BC1E4C3544C0CB57B89B960621C0,-8.5128678,-40.4163855
287,454,Atuação do Poder Judiciário,Crimes contra a fé pública (CP),Falsidade documental e ou ideológica,PERNAMBUCO,Dormentes,,escola,0101000020E6100000A983BC1E4C3544C0CB57B89B960621C0,-8.5128678,-40.4163855
288,456,Operação policial,Crimes contra a vida (CP),Morte decorrente de intervenção policial,SÃO PAULO,Santa Bárbara D'Oeste,Rua Alberto Novaes,Rua Alberto Novaes ,0101000020E6100000F3A4F1B0F5B547C01897AAB4C5BD36C0,-22.741298,-47.4215604
289,457,Operação policial - Blitz,Crimes de lesão corporal (CP),Lesão corporal gravíssima,PARANÁ,Barão de Lucena,,,0101000020E6100000D9E66B3B12264AC04C87F315494037C0,-23.2511152,-52.2974314
290,457,Operação policial - Blitz,Crimes de abuso de autoridade (Lei 4.898/1965),Ameaçar a integridade física do indivíduo,PARANÁ,Barão de Lucena,,,0101000020E6100000D9E66B3B12264AC04C87F315494037C0,-23.2511152,-52.2974314
291,460,Operação policial,Crimes contra a vida (CP),Morte decorrente de intervenção policial,SÃO PAULO,Guarulhos,Shopping Internacional,Shopping Internacional,0101000020E610000016932711704647C08BC22E8A1E7D37C0,-23.48874725,-46.55029501373626
292,462,Abordagem policial,Crimes de lesão corporal (CP),Lesão corporal indeterminada,SÃO PAULO,Ribeirão Preto,Jardim Paulista,Jardim Paulista,0101000020E6100000445EC598AAE547C0DB471394472E35C0,-21.1807797,-47.7942687
293,462,Abordagem policial,Crimes contra a vida (CP),Morte decorrente de intervenção policial,SÃO PAULO,Ribeirão Preto,Jardim Paulista,Jardim Paulista,0101000020E6100000445EC598AAE547C0DB471394472E35C0,-21.1807797,-47.7942687
294,464,Abordagem policial,Crimes de lesão corporal (CP),Lesão corporal indeterminada,SÃO PAULO,São José do Rio Preto,"Avenida América, Vila Ercília",Avenida América - Vila Ercília,0101000020E6100000B5EB94FDA9AF48C06B7011CE5DD134C0,-20.8178376,-49.3723752
295,465,Abordagem policial,Crimes de lesão corporal (CP),Lesão corporal indeterminada,SÃO PAULO,Ribeirão Corrente,Avenida Perimetral,Avenida Perimetral,0101000020E610000098E0D40792CB47C00DC17119377534C0,-20.457872,-47.590394
296,466,Abordagem policial – Perseguição,Crimes de lesão corporal (CP),Lesão corporal indeterminada,SÃO PAULO,Jundiaí,Rodovia Constâncio Cintra,Rodovia Constâncio Cintra,0101000020E61000002CDE23F6646447C0FC5CC87E71DA36C0,-22.8532943,-46.7843311
297,468,Abordagem policial,Crimes de lesão corporal (CP),Lesão corporal indeterminada,SÃO PAULO,Nova Odessa,Centro,Centro de Nova Odessa,0101000020E6100000886AA56B81A547C04A343795FBC736C0,-22.7811826,-47.2930121
298,469,Abordagem policial,Crimes de lesão corporal (CP),Lesão corporal indeterminada,SÃO PAULO,Campinas,Rodovia dos Bandeirantes,Rodovia dos Bandeirantes - Km 85,0101000020E6100000D39A8B64349447C0A9DFE0664CEA36C0,-22.9152283,-47.1578489
299,471,Abordagem policial,Crimes contra a vida (CP),Morte decorrente de intervenção policial,SÃO PAULO,São Paulo,Vila Guilherme,Vila Guilherme,0101000020E6100000B4EE9CE8984D47C03B545392758237C0,-23.5096065,-46.606228901507535
300,472,Operação policial,Crimes de lesão corporal (CP),Lesão corporal indeterminada,SÃO PAULO,Taboão da Serra,,,0101000020E61000001F29C709B86347C025E6FE8FB89C37C0,-23.6121912,-46.7790539
301,476,Abordagem policial – Perseguição,Crimes contra a vida (CP),Morte decorrente de intervenção policial,SÃO PAULO,Várzea Paulista,Rua Bilac,Rua Bilac,0101000020E6100000F8B7150CF86747C0A81721E1203237C0,-23.1958142,-46.8122573
302,481,Operação policial,Crimes contra a vida (CP),Morte decorrente de intervenção policial,SÃO PAULO,Itapevi,,,0101000020E61000000D8CBCAC897747C0B16D5166838C37C0,-23.54888,-46.933889
303,485,Abordagem policial – Perseguição,Crimes de lesão corporal (CP),Lesão corporal indeterminada,SÃO PAULO,Salto,,,0101000020E6100000150C9D8D4BA547C0A875768DF13237C0,-23.1989983,-47.2913682
304,487,Abordagem policial – Perseguição,Crimes de lesão corporal (CP),Lesão corporal indeterminada,SÃO PAULO,Sumaré,Rodovia Anhanguera,Rodovia Anhanguera - Km 108,0101000020E610000015F3BDD06D9947C06AEE320DD4D136C0,-22.8196419,-47.1986638
305,491,Abordagem policial,Crimes de abuso de autoridade (Lei 4.898/1965),Encarceramento de forma ilegal ou com abuso de poder,SÃO PAULO,Itatiba,,,0101000020E610000001214894AC6B47C0EF25434420FF36C0,-22.9965861,-46.8412042
306,491,Abordagem policial,Crimes de lesão corporal (CP),Lesão corporal indeterminada,SÃO PAULO,Itatiba,,,0101000020E610000001214894AC6B47C0EF25434420FF36C0,-22.9965861,-46.8412042
307,492,Abordagem policial – Perseguição,Crimes contra a vida (CP),Morte decorrente de intervenção policial,SÃO PAULO,Guarujá,,,0101000020E6100000929D6D24BF2047C0403AD09E26FE37C0,-23.9927768,-46.2558332
308,494,Operação policial - Reintegração de posse,Abuso de autoridade do ECA (Lei 8.069/1990),Humilhar ou intimidar criança ou adolescente,SÃO PAULO,Limeira,,,0101000020E610000087527B116DB347C04B7BDEE8BE8F36C0,-22.5615068,-47.401766
309,494,Operação policial - Reintegração de posse,Crimes de lesão corporal (CP),Lesão corporal indeterminada,SÃO PAULO,Limeira,,,0101000020E610000087527B116DB347C04B7BDEE8BE8F36C0,-22.5615068,-47.401766
310,494,Operação policial - Reintegração de posse,Crimes de abuso de autoridade (Lei 4.898/1965),Ameaçar a integridade física do indivíduo,SÃO PAULO,Limeira,,,0101000020E610000087527B116DB347C04B7BDEE8BE8F36C0,-22.5615068,-47.401766
311,495,Abordagem policial,Crimes contra a vida (CP),Morte decorrente de intervenção policial,SÃO PAULO,São Paulo,Avenida Aricanduva,Avenida Aricanduva,0101000020E61000002A5206B3AE3B47C0F316B435C79837C0,-23.5967897,-46.4662689
312,496,Abordagem policial – Perseguição,Crimes contra a vida (CP),Morte decorrente de intervenção policial,SÃO PAULO,Limeira,Rodovia Limeira/ Cordeirópolis,Rodovia Limeira/ Cordeirópolis,0101000020E6100000A5DD431DB1B247C0854B7D0F4D8336C0,-22.5128946,-47.3960301
313,499,Abordagem policial – Perseguição,Crimes de lesão corporal (CP),Lesão corporal indeterminada,SÃO PAULO,São Paulo,Estação de metrô Sé,Estação de metrô Sé,0101000020E6100000D822B3C4145147C09451C0D1E98C37C0,-23.5504428,-46.6334463
314,499,Abordagem policial – Perseguição,Crimes contra a honra (CP),Injúria real,SÃO PAULO,São Paulo,Estação de metrô Sé,Estação de metrô Sé,0101000020E6100000D822B3C4145147C09451C0D1E98C37C0,-23.5504428,-46.6334463
315,499,Abordagem policial – Perseguição,Crimes de abuso de autoridade (Lei 4.898/1965),Ameaçar a integridade física do indivíduo,SÃO PAULO,São Paulo,Estação de metrô Sé,Estação de metrô Sé,0101000020E6100000D822B3C4145147C09451C0D1E98C37C0,-23.5504428,-46.6334463
316,500,Abordagem policial – Perseguição,Crimes contra a vida (CP),Morte decorrente de intervenção policial,SÃO PAULO,Limeira,Rodovia Limeira/ Cordeirópolis,Rodovia Limeira/ Cordeirópolis,0101000020E6100000A5DD431DB1B247C0854B7D0F4D8336C0,-22.5128946,-47.3960301
317,510,Abordagem policial,Crimes de abuso de autoridade (Lei 4.898/1965),Ameaçar a integridade física do indivíduo,SÃO PAULO,Bauru,Avenida Getúlio Vargas,Avenida Getúlio Vargas,0101000020E61000003D27BD6F7C8748C0E4A48BA8E45736C0,-22.3433328,-49.058485
318,511,Operação policial - Reintegração de posse,Crimes de abuso de autoridade (Lei 4.898/1965),Ameaçar a integridade física do indivíduo,SÃO PAULO,São Paulo,Marginal Pinheiros,Marginal Pinheiros,0101000020E6100000703E1AF3DF5A47C0590520A45D8F37C0,-23.5600226,-46.7099594
319,511,Operação policial - Repressão a manifestação,Crimes de abuso de autoridade (Lei 4.898/1965),Impedir ou cercear o direito de reunião,SÃO PAULO,São Paulo,Marginal Pinheiros,Marginal Pinheiros,0101000020E6100000703E1AF3DF5A47C0590520A45D8F37C0,-23.5600226,-46.7099594
320,511,Operação policial - Reintegração de posse,Crimes de abuso de autoridade (Lei 4.898/1965),Ofensa à honra ou ao patrimônio,SÃO PAULO,São Paulo,Marginal Pinheiros,Marginal Pinheiros,0101000020E6100000703E1AF3DF5A47C0590520A45D8F37C0,-23.5600226,-46.7099594
321,512,Abordagem policial,Crimes de lesão corporal (CP),Lesão corporal indeterminada,SÃO PAULO,Franca,Jardim Brasilândia,Jardim Brasilândia,0101000020E61000001A1538D906AF47C0B24AE9995E8634C0,-20.524881,-47.3673965
322,512,Abordagem policial,Crimes de abuso de autoridade (Lei 4.898/1965),Ameaçar a integridade física do indivíduo,SÃO PAULO,Franca,Jardim Brasilândia,Jardim Brasilândia,0101000020E61000001A1538D906AF47C0B24AE9995E8634C0,-20.524881,-47.3673965
323,514,Operação policial,Crimes de abuso de autoridade (Lei 4.898/1965),Ofensa à honra ou ao patrimônio,SÃO PAULO,São Paulo,Praça da Sé,Praça da Sé - Centro,0101000020E6100000490966F1075147C0084EC7AD938C37C0,-23.5491284,-46.6330549
324,514,Operação policial,Crimes de abuso de autoridade (Lei 4.898/1965),Violação da liberdade de locomoção,SÃO PAULO,São Paulo,Praça da Sé,Praça da Sé - Centro,0101000020E6100000490966F1075147C0084EC7AD938C37C0,-23.5491284,-46.6330549
325,516,Abordagem policial,Crimes contra a vida (CP),Morte decorrente de intervenção policial,SÃO PAULO,Jundiaí,"Rua União dos Palmares, Vila Nambi",Rua União dos Palmares - Vila Nambi,0101000020E610000027D2472A9D6D47C0A070D1240C3237C0,-23.1954978,-46.8563588
326,520,Abordagem policial,Crimes contra a vida (CP),Morte decorrente de intervenção policial,SÃO PAULO,Cosmópolis,Bela Vista,Bela Vista,0101000020E6100000DA73999A049847C066063B0F38A636C0,-22.6492929,-47.1876405
327,523,Operação policial,Crimes contra a vida (CP),Morte decorrente de intervenção policial,SÃO PAULO,São Paulo,Rua Padre João Manuel,Jardins - Rua Padre João Manuel,0101000020E61000000E8252CD755547C0E97C7896209137C0,-23.5669035,-46.66765753296578
328,524,Abordagem policial,Crimes contra a vida (CP),Morte decorrente de intervenção policial,SÃO PAULO,Cachoeira Paulista,Centro,Centro,0101000020E6100000DA70581AF88146C073D9E89C9FAA36C0,-22.666498,-45.015384
329,525,Abordagem policial – Perseguição,Crimes de lesão corporal (CP),Lesão corporal indeterminada,SÃO PAULO,Campinas,,,0101000020E6100000CF4E0647C98747C0D690B8C7D2E736C0,-22.90556,-47.06083
330,529,Operação policial - Blitz,Crimes de lesão corporal (CP),Lesão corporal indeterminada,SÃO PAULO,Jundiaí,"Rua Idalina Gonçalves Dias, Jardim São Camilo",Rua Idalina Gonçalves Dias - Jardim São Camilo,0101000020E6100000C99F5EDF3D6F47C0C509A760E82C37C0,-23.1754208,-46.8690757
331,529,Operação policial - Blitz,Crimes contra a vida (CP),Morte decorrente de intervenção policial,SÃO PAULO,Jundiaí,"Rua Idalina Gonçalves Dias, Jardim São Camilo",Rua Idalina Gonçalves Dias - Jardim São Camilo,0101000020E6100000C99F5EDF3D6F47C0C509A760E82C37C0,-23.1754208,-46.8690757
332,543,Operação policial,Crimes contra a vida (CP),Homicídio simples,CEARÁ,Acopiara,,,0101000020E6100000ECF3BD2B27BA43C0738D85D7E45F18C0,-6.0936464,-39.4543204
333,543,Operação policial,Crime de extorsão (CP),Chantagem (extorsão),CEARÁ,Acopiara,,,0101000020E6100000ECF3BD2B27BA43C0738D85D7E45F18C0,-6.0936464,-39.4543204
334,545,Abordagem policial – Perseguição,Crimes contra a vida (CP),Homicídio qualificado,ESPÍRITO SANTO,Alto Calçado,,,0101000020E610000094A2E2EAD5CF44C0D4A304583FE934C0,-20.9111228,-41.62371574464956
335,546,Operação policial,Crimes de abuso de autoridade (Lei 4.898/1965),"Prolongar a execução de prisão temporária, pena ou medida de segurança",PARÁ,Altamira,,,0101000020E61000004FECFC361FE353C0ABB9371A1B152240,9.0412224,-79.5487802
336,546,Operação policial,Crimes contra a honra (CP),Calúnia,PARÁ,Altamira,,,0101000020E61000004FECFC361FE353C0ABB9371A1B152240,9.0412224,-79.5487802
337,547,Abordagem policial,Crimes contra a vida (CP),Homicídio qualificado,PARÁ,Almeirim,,,0101000020E6100000E9876C7B164A4AC0F09D3D3CF076F8BF,-1.5290377,-52.5788111
338,549,Abordagem policial,Crimes contra a vida (CP),Morte decorrente de intervenção policial,SÃO PAULO,Ribeirão Preto,,,0101000020E61000002CA116DE40E747C02DCC423BA72D35C0,-21.178333,-47.8066671
339,550,Abordagem policial,Crimes contra a vida (CP),Morte decorrente de intervenção policial,SÃO PAULO,São Paulo,Rua Almirante Lobo,Rua Almirante Lobo,0101000020E6100000CA8D7D24804C47C05D52B5DD049737C0,-23.589918,-46.5976606
340,552,Atuação do Poder Executivo,Convenção contra o crime de genocídio,"Atos lesivos contra grupo nacional, étnico, racial ou religioso",AMAZONAS,Araras,,,0101000020E61000009DDE20B5E4AE4EC015585B0C794F0BC0,-3.4138051,-61.3663546
341,553,Abordagem policial,Crimes contra a vida (CP),Morte decorrente de intervenção policial,SÃO PAULO,Vargem Grande Paulista,,,0101000020E610000077A22424D28247C0034015376E9937C0,-23.599338,-47.022038
342,557,Abordagem policial,Crimes contra a vida (CP),Morte decorrente de intervenção policial,SÃO PAULO,Sorocaba,,,0101000020E610000048DE3994A1BA47C0817B9E3F6D8037C0,-23.501667,-47.458056
343,563,Operação policial,Crimes contra a vida (CP),Morte decorrente de intervenção policial,SÃO PAULO,Ibiúna,Piedade,Piedade,0101000020E6100000F43D7ECA8CE447C0AF43352559A936C0,-22.6615165,-47.7855466
344,565,Abordagem policial,Crimes contra a vida (CP),Morte decorrente de intervenção policial,SÃO PAULO,São Paulo,Jardim Primavera,Jardim Primavera,0101000020E610000040B10408D57D47C04CB5053A490D36C0,-22.0518986,-46.9830637
345,568,Operação policial - Reintegração de posse,Crimes de abuso de autoridade (Lei 4.898/1965),Cerceamento à liberdade de associação,MINAS GERAIS,Mário Campos,,Região Metropolitana de Belo Horizonte,0101000020E61000009036E911FE1846C0BD0B4A873D0F34C0,-20.0595326,-44.1952536
346,568,Operação policial - Reintegração de posse,Crimes de lesão corporal (CP),Lesão corporal gravíssima,MINAS GERAIS,Mário Campos,,Região Metropolitana de Belo Horizonte,0101000020E61000009036E911FE1846C0BD0B4A873D0F34C0,-20.0595326,-44.1952536
347,569,Operação policial - Reintegração de posse,Crimes de lesão corporal (CP),Lesão corporal gravíssima,MINAS GERAIS,Mário Campos,,região metropolitana de Belo Horizonte,0101000020E61000009036E911FE1846C0BD0B4A873D0F34C0,-20.0595326,-44.1952536
348,569,Operação policial - Reintegração de posse,Crimes de abuso de autoridade (Lei 4.898/1965),Cerceamento à liberdade de associação,MINAS GERAIS,Mário Campos,,região metropolitana de Belo Horizonte,0101000020E61000009036E911FE1846C0BD0B4A873D0F34C0,-20.0595326,-44.1952536
349,570,Abordagem policial,Crimes de lesão corporal (CP),Lesão corporal seguida de morte,SÃO PAULO,São Paulo,São Matheus,São Matheus,0101000020E6100000E87EF3870B3E47C02F7C8ED9A39937C0,-23.6001564,-46.4847269
350,570,Abordagem policial,Crimes de periclitação da vida e da saúde (CP),Omissão de socorro,SÃO PAULO,São Paulo,São Matheus,São Matheus,0101000020E6100000E87EF3870B3E47C02F7C8ED9A39937C0,-23.6001564,-46.4847269
351,574,Abordagem policial,Crimes de lesão corporal (CP),Lesão corporal grave,SÃO PAULO,São Paulo,Jardim Elisa Maria,Jardim Elisa Maria,0101000020E610000026016A6AD92948C0DD877258D05434C0,-20.3313041,-48.3269475
352,575,Abordagem policial,Crimes de lesão corporal (CP),Lesão corporal gravíssima,SÃO PAULO,Praia Grande,,,0101000020E61000002EC6C03A8E3347C0D13C80457E0138C0,-24.005833,-46.402778
353,575,Abordagem policial,Crimes de lesão corporal (CP),Lesão corporal gravíssima,SÃO PAULO,Praia Grande,,,0101000020E61000002EC6C03A8E3347C0D13C80457E0138C0,-24.005833,-46.402778
354,575,Abordagem policial,Crimes de lesão corporal (CP),Lesão corporal gravíssima,SÃO PAULO,Praia Grande,,,0101000020E61000002EC6C03A8E3347C0D13C80457E0138C0,-24.005833,-46.402778
